N_VICTIMAS,TIPO_DE_CALLE,Dirección Normalizada,COMUNA,pos x,pos y,VICTIMA,ACUSADO,fecha_hora
1,AVENIDA,"PIEDRA BUENA AV. y FERNANDEZ DE LA CRUZ, F., GRAL. AV.",8,-58.4753,-34.6876,MOTO,AUTO,2016-01-01 04:00:00
1,GRAL PAZ,"PAZ, GRAL. AV. y DE LOS CORRALES AV.",9,-58.5088,-34.6698,AUTO,PASAJEROS,2016-01-02 01:15:00
1,AVENIDA,ENTRE RIOS AV. 2034,1,-58.3904,-34.6319,MOTO,AUTO,2016-01-03 07:00:00
1,AVENIDA,"LARRAZABAL AV. y VILLEGAS, CONRADO, GRAL.",8,-58.465,-34.6809,MOTO,SD,2016-01-10 00:00:00
1,AVENIDA,"SAN JUAN AV. y SAENZ PEÃ‘A, LUIS, PRES.",1,-58.3872,-34.6225,MOTO,PASAJEROS,2016-01-21 05:20:00
1,AVENIDA,27 DE FEBRERO AV. y ESCALADA AV.,8,-58.4445,-34.6848,MOTO,OBJETO FIJO,2016-01-24 18:30:00
1,CALLE,"NOGOYA y GONZALEZ, JOAQUIN V.",11,-58.501,-34.6083,MOTO,AUTO,2016-01-24 19:10:00
1,GRAL PAZ,"PAZ, GRAL. AV. y DE LOS CORRALES AV.",9,-58.5088,-34.6698,MOTO,AUTO,2016-01-29 15:20:00
1,AVENIDA,"BELGRANO AV. e IRIGOYEN, BERNARDO DE",1,-58.3805,-34.613,MOTO,CARGAS,2016-02-08 01:20:00
1,AVENIDA,ENTRE RIOS AV. 1366,1,-58.3911,-34.6248,PEATON,AUTO,2016-02-10 11:30:00
1,AVENIDA,"SCALABRINI ORTIZ, RAUL AV. y VERA",15,-58.4376,-34.5991,PEATON,AUTO,2016-02-14 05:14:00
1,AVENIDA,"REGIMIENTO DE PATRICIOS AV. y QUINQUELA MARTIN, BENITO",4,-58.3688,-34.6429,MOTO,AUTO,2016-02-14 22:00:00
1,AVENIDA,"ACOSTA, MARIANO y JANER, ANA MARIA",8,-58.4499,-34.6597,PEATON,MOTO,2016-02-15 16:54:00
1,CALLE,"DE LA TORRE, LISANDRO y GARCIA GRANDE DE ZEQUEIRA, SEVERO",9,-58.5099,-34.6547,PEATON,PASAJEROS,2016-02-17 09:30:00
1,CALLE,SUIPACHA 156,1,-58.3795,-34.6065,PEATON,AUTO,2016-02-17 16:00:00
1,AVENIDA,DIRECTORIO AV. y CURAPALIGUE,7,-58.4516,-34.6306,AUTO,AUTO,2016-02-17 23:35:00
1,AVENIDA,"9 DE JULIO AV. y ALSINA, ADOLFO",1,-58.3814,-34.6108,MOTO,AUTO,2016-02-21 06:00:00
1,GRAL PAZ,"PAZ, GRAL. AV. y 27 DE FEBRERO AV.",8,-58.4624,-34.7052,AUTO,AUTO,2016-02-28 04:50:00
1,CALLE,HOLMBERG y VEDIA,12,-58.4922,-34.5474,AUTO,OBJETO FIJO,2016-02-28 07:30:00
1,AVENIDA,"CURAPALIGUE AV. y DIAZ, AVELINO",7,-58.445,-34.6385,AUTO,AUTO,2016-02-28 09:35:00
1,AVENIDA,VIAMONTE y 9 DE JULIO AV.,1,-58.382,-34.6003,PEATON,CARGAS,2016-03-02 10:00:00
1,AVENIDA,CABILDO AV. y DEHEZA,12,-58.4738,-34.5415,PEATON,PASAJEROS,2016-03-04 17:30:00
1,GRAL PAZ,"PAZ, GRAL. AV. y ROCA, CNEL. AV.",8,-58.4706,-34.6984,MOTO,PASAJEROS,2016-03-08 12:30:00
1,AVENIDA,"ALCORTA, AMANCIO AV. y BONAVENA, OSCAR NATALIO",4,-58.4062,-34.6508,PEATON,PASAJEROS,2016-03-12 12:30:00
1,AVENIDA,CORRIENTES AV. y CALLAO AV.,3,-58.3923,-34.6044,MOTO,PASAJEROS,2016-03-13 06:00:00
1,CALLE,"HERRERA y VALLE, ARISTOBULO DEL",4,-58.3781,-34.6367,MOTO,PASAJEROS,2016-03-14 00:15:00
1,AVENIDA,LAFUENTE AV. y QUIRNO,7,-58.4628,-34.6436,MOTO,MOTO,2016-03-19 11:00:00
1,GRAL PAZ,"PAZ, GRAL. AV. y ZUVIRIA",8,-58.4968,-34.6789,PEATON,PASAJEROS,2016-03-21 08:06:00
1,AVENIDA,"MITRE, BARTOLOME y PUEYRREDON AV.",3,-58.406,-34.6088,MOTO,PASAJEROS,2016-03-23 01:50:00
2,AVENIDA,DIRECTORIO AV. y RIVERA INDARTE AV.,7,-58.4608,-34.6335,MOTO,CARGAS,2016-03-29 11:00:00
1,AVENIDA,"DELLEPIANE, LUIS, TTE. GRAL. y MURGUIONDO",8,-58.4783,-34.6749,PEATON,CARGAS,2016-03-30 18:15:00
1,AVENIDA,"MORENO, JOSE MARIA AV. y BALBASTRO",7,-58.4321,-34.6369,MOTO,MULTIPLE,2016-03-31 19:40:00
1,GRAL PAZ,"PAZ, GRAL. AV. y DEL LIBERTADOR AV.",13,-58.4674,-34.5348,MOTO,SD,2016-04-11 10:25:00
1,CALLE,LIMA 1483,1,-58.3825,-34.6257,PEATON,PASAJEROS,2016-04-15 05:30:00
1,AVENIDA,CORRIENTES AV. y DORREGO AV.,15,-58.4476,-34.5917,PEATON,PASAJEROS,2016-04-15 17:40:00
1,AUTOPISTA,AUTOPISTA 1 SUR PRESIDENTE ARTURO FRONDIZI,4,-58.3771,-34.6366,SD,SD,2016-04-17 00:00:00
1,AVENIDA,"GORDILLO, TIMOTEO y FERNANDEZ DE LA CRUZ, F., GRAL. AV.",8,-58.4731,-34.6855,PEATON,PASAJEROS,2016-04-19 09:50:00
1,AVENIDA,"ALCORTA, AMANCIO AV. y BONAVENA, OSCAR NATALIO",4,-58.4062,-34.6508,MOTO,CARGAS,2016-04-20 04:00:00
1,AUTOPISTA,,13,-58.3771,-34.6366,MOTO,SD,2016-04-20 20:00:00
1,AVENIDA,TRIUNVIRATO AV. y OLAZABAL AV.,12,-58.4843,-34.5756,PEATON,PASAJEROS,2016-04-22 09:30:00
1,AUTOPISTA,"AUTOPISTA DELLEPIANE LUIS TTE. GRAL. y PAZ, GRAL. AV.",8,-58.487,-34.688,MOTO,MOTO,2016-04-23 21:00:00
1,AVENIDA,"CASTILLA, RAMON, MARISCAL y FIGUEROA ALCORTA, PRES. AV.",14,-58.4002,-34.5796,PEATON,CARGAS,2016-04-25 20:30:00
1,AVENIDA,"CAMPOS, LUIS M. AV. 30",14,-58.4296,-34.5766,MOTO,OBJETO FIJO,2016-04-26 04:45:00
1,CALLE,LIMA 1471,1,-58.3825,-34.6256,PEATON,MOTO,2016-05-04 14:00:00
1,CALLE,CIUDADELA y LIMA,1,-58.3822,-34.6273,PEATON,PASAJEROS,2016-05-08 16:30:00
1,AVENIDA,"JUSTO, JUAN B. AV. y CARRASCO AV.",10,-58.4949,-34.6295,PEATON,PASAJEROS,2016-05-14 18:11:00
1,AVENIDA,GAONA AV. y ESPINOSA,6,-58.4523,-34.6107,PEATON,AUTO,2016-05-20 14:40:00
1,AVENIDA,"DE LA TORRE, LISANDRO y SARAZA",8,-58.4846,-34.6751,MOTO,PASAJEROS,2016-05-21 17:00:00
1,AVENIDA,"FIGUEROA ALCORTA, PRES. AV. y PUEYRREDON AV.",2,-58.3906,-34.5842,MOTO,PASAJEROS,2016-05-22 22:00:00
1,AVENIDA,ENTRE RIOS AV. y FILIBERTO,3,-58.3912,-34.627,AUTO,CARGAS,2016-05-23 03:30:00
1,CALLE,"MAGARIÃ‘OS CERVANTES, A. 3900",10,-58.4902,-34.6203,MOTO,CARGAS,2016-06-11 15:00:00
1,GRAL PAZ,"PAZ, GRAL. AV. y SCAPINO, RODOLFO",8,-58.499,-34.6773,AUTO,AUTO,2016-06-12 06:40:00
1,AUTOPISTA,AUTOPISTA DELLEPIANE LUIS TTE. GRAL. y MIRALLA,8,-58.4746,-34.6687,PEATON,AUTO,2016-06-12 23:13:00
1,AVENIDA,SAN MARTIN AV. y CAMARONES,15,-58.4621,-34.6036,PEATON,PASAJEROS,2016-06-13 16:20:00
1,AVENIDA,"PERON, JUAN DOMINGO, TTE. GENERAL y ALEM, LEANDRO N. AV.",1,-58.3703,-34.6054,PEATON,PASAJEROS,2016-06-13 21:52:00
1,AVENIDA,BELGRANO AV. y JUJUY AV.,3,-58.4049,-34.6146,MOTO,MOTO,2016-06-13 23:01:00
1,AVENIDA,"DEL LIBERTADOR AV. y UDAONDO, GUILLERMO AV.",13,-58.455,-34.5486,AUTO,AUTO,2016-06-16 17:13:00
1,GRAL PAZ,"PAZ, GRAL. AV. y RIVADAVIA AV.",9,-58.5293,-34.6393,AUTO,SD,2016-06-18 06:42:00
1,AVENIDA,"LARRALDE, CRISOLOGO AV. y MACHAIN",12,-58.4872,-34.559,MOTO,AUTO,2016-06-22 07:42:00
1,AVENIDA,LA PLATA AV. 2384,4,-58.4227,-34.6423,PEATON,AUTO,2016-06-27 18:24:00
1,AVENIDA,"ALBERDI, JUAN BAUTISTA AV. y PUAN",6,-58.4479,-34.6254,PEATON,MOTO,2016-06-28 20:46:00
1,CALLE,"PELLEGRINI, CARLOS y TUCUMAN",1,-58.3811,-34.6014,PEATON,PASAJEROS,2016-06-29 22:00:00
1,AVENIDA,"RABANAL, FRANCISCO, INTENDENTE AV. y EREZCANO",4,-58.4238,-34.6573,MOTO,OTRO,2016-06-29 22:00:00
1,AVENIDA,"OLIVERA AV. y FALCON, RAMON L.,CNEL.",10,-58.4873,-34.6365,PEATON,PASAJEROS,2016-06-30 16:10:00
1,AUTOPISTA,AUTOPISTA 1 SUR PRESIDENTE ARTURO FRONDIZI y CASEROS AV.,1,-58.3786,-34.6291,MOTO,OBJETO FIJO,2016-07-02 00:10:00
1,CALLE,CERETTI y NUÃ‘EZ,12,-58.5015,-34.5677,PEATON,AUTO,2016-07-11 15:30:00
1,AUTOPISTA,"LUGONES, LEOPOLDO AV. y LA PAMPA",13,-58.4323,-34.5519,PEATON,AUTO,2016-07-14 06:40:00
1,AVENIDA,"SALGUERO, JERONIMO y RIVADAVIA AV.",5,-58.4197,-34.6111,PEATON,PASAJEROS,2016-07-14 22:00:00
1,GRAL PAZ,"PAZ, GRAL. AV. y DEL LIBERTADOR AV.",13,-58.4674,-34.5348,MOTO,CARGAS,2016-07-15 11:00:00
1,AVENIDA,"ALBERDI, JUAN BAUTISTA AV. y MITRE, EMILIO",6,-58.4436,-34.623,AUTO,AUTO,2016-07-17 03:30:00
1,AVENIDA,MERCEDES y MOSCONI GENERAL AV.,11,-58.5171,-34.5955,MOTO,AUTO,2016-07-23 06:12:00
1,AUTOPISTA,AUTOPISTA DELLEPIANE LUIS TTE. GRAL.,8,-58.4743,-34.6668,MOTO,CARGAS,2016-07-25 07:00:00
1,CALLE,SOLIS y MEXICO,1,-58.3904,-34.6156,PEATON,AUTO,2016-07-26 18:45:00
1,AVENIDA,SAN JUAN AV. y ALBERTI,3,-58.4004,-34.6236,MOTO,CARGAS,2016-07-27 16:08:00
1,GRAL PAZ,"MOSCONI GENERAL AV. y PAZ, GRAL. AV.",11,-58.5234,-34.598,CARGAS,CARGAS,2016-07-29 16:00:00
1,GRAL PAZ,"PAZ, GRAL. AV. y DONADO",12,-58.4949,-34.548,MOTO,OBJETO FIJO,2016-08-03 23:27:00
1,GRAL PAZ,"PAZ, GRAL. AV. y CHAVEZ, JORGE",9,-58.5293,-34.6501,SD,SD,2016-08-07 19:42:00
1,AVENIDA,"PERON, EVA AV. y SUAREZ, JOSE LEON",9,-58.5001,-34.6732,MOTO,CARGAS,2016-08-10 23:37:00
1,AVENIDA,ZINNY y SANTIAGO DE COMPOSTELA AV.,9,-58.4664,-34.6562,MOTO,PASAJEROS,2016-08-14 21:15:00
1,AVENIDA,"LACROZE, FEDERICO AV. y FRAGA",15,-58.4534,-34.5844,PEATON,PASAJEROS,2016-08-17 00:05:00
1,AVENIDA,"PELLEGRINI, CARLOS y DEL LIBERTADOR AV.",1,-58.3809,-34.5893,PEATON,PASAJEROS,2016-08-19 21:02:00
1,AUTOPISTA,AUTOPISTA 1 SUR PRESIDENTE ARTURO FRONDIZI y DON PEDRO DE MENDOZA AV.,4,-58.3716,-34.6543,MOTO,AUTO,2016-08-20 08:22:00
1,AUTOPISTA,AUTOPISTA PERITO MORENO y BARRAGAN,9,-58.5228,-34.6366,AUTO,OBJETO FIJO,2016-08-24 05:45:00
1,AVENIDA,"ALBERDI, JUAN BAUTISTA AV. y CARHUE",9,-58.5123,-34.659,PEATON,SD,2016-08-24 20:21:00
1,AUTOPISTA,LUGONES y LA PAMPA,15,-58.4746,-34.5766,MOTO,CARGAS,2016-08-25 09:30:00
1,AUTOPISTA,AUTOPISTA 25 DE MAYO y AUTOPISTA 1 SUR PRESIDENTE ARTURO FRONDIZI,1,-58.3827,-34.6228,MOTO,OBJETO FIJO,2016-08-27 04:40:00
1,AVENIDA,"ALBERDI, JUAN BAUTISTA AV. y GUARDIA NACIONAL",9,-58.496,-34.6456,PEATON,PASAJEROS,2016-08-27 16:45:00
1,CALLE,"SALGUERO, JERONIMO 1410",14,-58.4185,-34.5939,BICICLETA,CARGAS,2016-08-31 11:20:00
1,CALLE,ARIAS y TRONADOR,12,-58.4894,-34.5492,SD,CARGAS,2016-09-02 11:50:00
1,AVENIDA,27 DE FEBRERO AV. y ESCALADA AV.,8,-58.4445,-34.6848,MOTO,AUTO,2016-09-02 20:20:00
1,AVENIDA,DEL LIBERTADOR AV. y TAGLE,14,-58.3994,-34.5827,AUTO,AUTO,2016-09-03 15:30:00
1,AUTOPISTA,AUTOPISTA 1 SUR PRESIDENTE ARTURO FRONDIZI KM. 2.9,1,-58.3794,-34.6269,AUTO,AUTO,2016-09-04 03:30:00
1,AVENIDA,"LARRALDE, CRISOLOGO AV. y TRIUNVIRATO AV.",12,-58.4966,-34.5635,SD,SD,2016-09-04 06:40:00
1,AVENIDA,"PERON, EVA AV. 4233",9,-58.4726,-34.6519,BICICLETA,PASAJEROS,2016-09-13 07:10:00
1,AVENIDA,"ASAMBLEA AV. y BONORINO, ESTEBAN, CNEL. AV.",7,-58.4513,-34.6405,MOTO,AUTO,2016-09-14 09:00:00
1,AVENIDA,RIVADAVIA AV. y RIVERA INDARTE AV.,7,-58.4627,-34.6288,PEATON,PASAJEROS,2016-09-16 15:24:00
1,AUTOPISTA,"AUTOPISTA PERITO MORENO y ALBERDI, JUAN BAUTISTA AV.",10,-58.4902,-34.6424,MOTO,MOTO,2016-09-17 12:14:00
2,CALLE,IRIGOYEN y TINOGASTA,10,-58.5257,-34.6213,AUTO,CARGAS,2016-09-18 22:45:00
1,AVENIDA,"ACOSTA, MARIANO y ROCA, CNEL. AV.",8,-58.4409,-34.6668,PEATON,PASAJEROS,2016-09-24 10:25:00
1,AVENIDA,CASTRO y PAVON AV.,5,-58.4191,-34.6305,PEATON,PASAJEROS,2016-10-02 11:30:00
1,AUTOPISTA,AUTOPISTA 1 SUR PRESIDENTE ARTURO FRONDIZI y BRASIL,1,-58.3791,-34.6276,MOTO,CARGAS,2016-10-04 12:30:00
1,CALLE,MIRAVE 3500,4,-58.3987,-34.6454,PEATON,AUTO,2016-10-09 19:13:00
1,AVENIDA,SAN JUAN AV. y 24 DE NOVIEMBRE,3,-58.4104,-34.6248,AUTO,PASAJEROS,2016-10-10 02:30:00
1,AVENIDA,LAS HERAS GENERAL AV. y SANCHEZ DE BUSTAMANTE,14,-58.402,-34.5834,MOTO,AUTO,2016-10-14 00:05:00
1,AVENIDA,PIEDRA BUENA AV. y 2 DE ABRIL DE 1982,8,-58.4894,-34.6765,MOTO,OBJETO FIJO,2016-10-23 05:00:00
1,AVENIDA,"FIGUEROA ALCORTA, PRES. AV. y PINEDO, INT.",14,-58.4226,-34.564,PEATON,SD,2016-10-24 05:00:00
1,AUTOPISTA,,4,-58.5099,-34.6547,MOTO,CARGAS,2016-10-25 00:00:00
1,AVENIDA,SAN MARTIN AV. y LADINES,11,-58.5154,-34.5904,MOTO,MOTO,2016-10-25 00:39:00
1,AVENIDA,CABILDO AV. y BLANCO ENCALADA,13,-58.4591,-34.5592,BICICLETA,CARGAS,2016-10-27 20:30:00
1,AVENIDA,"FIGUEROA ALCORTA, PRES. AV. y DORREGO AV.",14,-58.4201,-34.5654,MOTO,MOTO,2016-10-28 23:00:00
1,AVENIDA,JURAMENTO AV. y VUELTA DE OBLIGADO,13,-58.4557,-34.5615,PASAJEROS,PASAJEROS,2016-10-31 02:58:00
1,AVENIDA,"DEL LIBERTADOR AV. y RAMOS MEJIA, JOSE MARIA, DR. AV.",1,-58.3753,-34.5928,MOTO,PASAJEROS,2016-11-05 23:30:00
1,AVENIDA,27 DE FEBRERO AV. y ESCALADA AV.,8,-58.4445,-34.6848,MOTO,SD,2016-11-06 04:41:00
1,AVENIDA,"BROWN, ALTE. AV. 984",4,-58.3598,-34.6334,PEATON,PASAJEROS,2016-11-07 12:10:00
1,AVENIDA,DEL LIBERTADOR AV. y LA PAMPA,13,-58.4452,-34.5595,MOTO,AUTO,2016-11-07 20:56:00
1,AVENIDA,PICHINCHA AV. y BRASIL,4,-58.3963,-34.6304,PEATON,PASAJEROS,2016-11-09 20:00:00
1,AVENIDA,"INDEPENDENCIA AV. y CEVALLOS, VIRREY",1,-58.389,-34.618,MOVIL,PASAJEROS,2016-11-16 21:15:00
1,AVENIDA,GARMENDIA AV. 4895,15,-58.4654,-34.5948,MOTO,MOTO,2016-11-16 22:20:00
1,AVENIDA,"ALCORTA, AMANCIO AV. y TABORDA, DIOGENES",4,-58.4088,-34.6527,CARGAS,CARGAS,2016-11-18 18:20:00
1,CALLE,,0,-58.4097,-34.5879,PEATON,SD,2016-11-18 20:35:00
1,AVENIDA,"MORENO, PERITO AV. y ZUVIRIA",7,-58.4645,-34.6499,MOTO,AUTO,2016-11-23 21:10:00
1,AVENIDA,ARAOZ y CORDOBA AV.,15,-58.4292,-34.5949,PEATON,MOTO,2016-11-25 15:42:00
1,GRAL PAZ,"PAZ, GRAL. AV. 15200",8,-58.4901,-34.6825,MOTO,MOTO,2016-11-26 14:14:00
1,CALLE,MADERO 900,10,-58.5276,-34.6277,PEATON,AUTO,2016-11-26 16:50:00
1,AVENIDA,INDEPENDENCIA AV. y DEAN FUNES,3,-58.4064,-34.6194,MOTO,PASAJEROS,2016-11-26 19:40:00
1,AVENIDA,"JUSTO, JUAN B. AV. 5645",11,-58.4758,-34.6174,MOTO,MOTO,2016-12-03 06:40:00
1,AVENIDA,27 DE FEBRERO AV. y ESCALADA AV.,8,-58.4445,-34.6848,AUTO,SD,2016-12-04 07:21:00
1,AUTOPISTA,AUTOPISTA PERITO MORENO (ALTURA VELEZ SARSFIELD),9,-58.5193,-34.6364,CARGAS,OBJETO FIJO,2016-12-06 05:30:00
1,AVENIDA,SANTA FE AV. y GODOY CRUZ,14,-58.4253,-34.5787,PEATON,PASAJEROS,2016-12-06 07:22:00
1,AVENIDA,"LACROZE, FEDERICO AV. y FOREST AV.",15,-58.454,-34.5852,PEATON,AUTO,2016-12-07 05:00:00
1,GRAL PAZ,"PAZ, GRAL. AV. y MOSCONI GENERAL AV.",11,-58.5234,-34.598,MOTO,AUTO,2016-12-10 07:30:00
1,AVENIDA,"LA PLATA AV. y POMAR, GREGORIO TTE. CNEL.",4,-58.4232,-34.6412,AUTO,AUTO,2016-12-11 06:16:00
1,AVENIDA,"GARCIA, MARTIN AV. 300",4,-58.3693,-34.6284,BICICLETA,PASAJEROS,2016-12-12 08:25:00
1,AVENIDA,"LA PLATA AV. y POMAR, GREGORIO TTE. CNEL.",4,-58.4232,-34.6412,MOTO,AUTO,2016-12-13 10:40:00
1,AVENIDA,"NUÃ‘EZ y BALBIN, RICARDO, DR. AV.",12,-58.4794,-34.5568,MOTO,PASAJEROS,2016-12-15 15:30:00
1,GRAL PAZ,"PAZ, GRAL. AV. 4500",12,-58.506,-34.5638,MOTO,AUTO,2016-12-19 17:10:00
1,AUTOPISTA,"HUERGO, ING. AV. y AUTOPISTA 25 DE MAYO",1,-58.3661,-34.6215,MOTO,MOTO,2016-12-25 19:00:00
1,AVENIDA,"GARAY, JUAN DE AV. y CASTRO",5,-58.4192,-34.6317,MOTO,CARGAS,2016-12-26 08:00:00
1,AVENIDA,DIRECTORIO AV. y SAN PEDRITO AV.,7,-58.4675,-34.6355,MOTO,CARGAS,2016-12-26 19:52:00
1,AUTOPISTA,AUTOPISTA 25 DE MAYO,0,-58.3827,-34.6228,SD,SD,2016-12-27 00:00:00
1,CALLE,"FALCON, RAMON L.,CNEL. y MEMBRILLAR",7,-58.4606,-34.6296,PEATON,BICICLETA,2016-12-27 08:15:00
1,AVENIDA,BELGRANO AV. y PASEO COLON AV.,1,-58.3696,-34.6123,MOTO,PASAJEROS,2016-12-28 01:41:00
1,CALLE,ARENALES 3319,14,-58.4097,-34.5879,PEATON,AUTO,2016-12-29 04:00:00
1,CALLE,REPUBLICA BOLIVARIANA DE VENEZUELA y SAAVEDRA,3,-58.4029,-34.6154,PEATON,MULTIPLE,2016-12-30 16:18:00
1,AVENIDA,"JUSTO, JUAN B. AV. y ACHUPALLAS",11,-58.4659,-34.6103,MOTO,CARGAS,2017-01-02 01:00:00
1,AVENIDA,OLAVARRIA y VELEZ SARSFIELD AV.,4,-58.3896,-34.6441,CARGAS,CARGAS,2017-01-05 03:10:00
1,CALLE,LIMA y MEXICO,1,-58.3816,-34.6153,PEATON,MULTIPLE,2017-01-11 17:00:00
1,CALLE,"CABRERA, JOSE A. y BONPLAND",14,-58.4392,-34.5849,MOTO,PASAJEROS,2017-01-16 00:40:00
1,AUTOPISTA,AUTOPISTA 25 DE MAYO y BOEDO AV.,5,-58.416,-34.6274,MOTO,CARGAS,2017-01-16 13:56:00
1,AVENIDA,DIRECTORIO AV. y RIGLOS,6,-58.4356,-34.6283,MOTO,AUTO,2017-01-16 16:30:00
1,GRAL PAZ,"PAZ, GRAL. AV. y BALBIN, RICARDO, DR. AV.",12,-58.5007,-34.5498,MOTO,OBJETO FIJO,2017-01-22 02:30:00
1,CALLE,"TRAFUL y TABORDA, DIOGENES",4,-58.4097,-34.6506,MOTO,CARGAS,2017-01-24 14:00:00
1,AVENIDA,"IRIARTE, GRAL. AV. 3055",4,-58.3897,-34.651,PEATON,CARGAS,2017-01-27 07:00:00
1,AVENIDA,DONADO y ARIAS,12,-58.4919,-34.5505,MOTO,MULTIPLE,2017-01-28 08:27:34
1,AVENIDA,CORDOBA AV. y CALLAO AV.,2,-58.3929,-34.5996,PEATON,AUTO,2017-02-02 15:18:03
1,AUTOPISTA,AUTOPISTA 25 DE MAYO KM. 8.3,1,-58.381,-34.6229,MOTO,CARGAS,2017-02-03 05:12:21
1,AVENIDA,"JUSTO, JUAN B. AV. y PARAGUAY",14,-58.429,-34.581,MOTO,AUTO,2017-02-06 08:00:00
1,GRAL PAZ,"PAZ, GRAL. AV. y DE LOS CORRALES AV.",9,-58.5088,-34.6698,MOTO,AUTO,2017-02-09 07:00:00
1,CALLE,SARMIENTO y LIBERTAD,1,-58.3836,-34.6051,MOTO,PASAJEROS,2017-02-18 05:30:00
1,AVENIDA,RIVADAVIA AV. 7121,7,-58.4659,-34.6296,PEATON,PASAJEROS,2017-02-23 20:50:00
1,AVENIDA,"FERNANDEZ DE LA CRUZ, F., GRAL. AV. y RIVERA INDARTE AV.",7,-58.4361,-34.6542,MOTO,SD,2017-02-24 17:05:00
2,AVENIDA,"MORENO, PERITO AV. y FOURNIER",4,-58.4184,-34.6498,AUTO,OBJETO FIJO,2017-02-26 05:15:00
1,AVENIDA,CASEROS AV. 1429,1,-58.3833,-34.6319,PEATON,AUTO,2017-02-26 21:57:00
1,AVENIDA,GAONA AV. y FRAGATA PRES. SARMIENTO,6,-58.4548,-34.612,PEATON,AUTO,2017-02-28 09:20:00
1,CALLE,MOZART y TANDIL,9,-58.485,-34.6474,SD,AUTO,2017-03-07 02:15:00
1,AVENIDA,MOZART y AUTOPISTA DELLEPIANE LUIS TTE. GRAL.,9,-58.4701,-34.6587,AUTO,PASAJEROS,2017-03-07 08:00:00
1,CALLE,24 DE NOVIEMBRE y PAVON,3,-58.41,-34.6287,AUTO,OBJETO FIJO,2017-03-11 01:30:00
1,GRAL PAZ,"PAZ, GRAL. AV. y LOS CEDROS",8,-58.4889,-34.6836,AUTO,AUTO,2017-03-12 05:00:00
1,GRAL PAZ,"PAZ, GRAL. AV. y GUTIERREZ, RICARDO",11,-58.5247,-34.6033,AUTO,AUTO,2017-03-12 07:30:00
1,CALLE,GODOY CRUZ 2651,14,-58.4255,-34.5793,PEATON,AUTO,2017-03-13 07:50:00
3,AVENIDA,"ACHAVAL RODRIGUEZ, T., DR. AV. y VILLAFLOR, AZUCENA",1,-58.3588,-34.6111,AUTO,OBJETO FIJO,2017-03-23 05:00:00
2,GRAL PAZ,"PAZ, GRAL. AV. y CAMPANA",12,-58.5145,-34.5816,MOTO,PASAJEROS,2017-03-29 18:00:00
1,AVENIDA,"INDEPENDENCIA AV. y CEVALLOS, VIRREY",1,-58.389,-34.618,MOTO,CARGAS,2017-03-31 03:00:00
1,AVENIDA,CASTAÃ‘ARES AV. y LAUTARO,7,-58.4452,-34.6436,MOTO,AUTO,2017-04-01 19:00:00
1,AVENIDA,"GUIRALDES, INT. 2699",13,-58.4383,-34.5456,AUTO,MULTIPLE,2017-04-03 09:40:00
1,CALLE,"FERNANDEZ MORENO, BALDOMERO 2186",7,-58.4549,-34.6353,MOTO,AUTO,2017-04-03 23:15:00
1,GRAL PAZ,"LUGONES, LEOPOLDO AV.",14,-58.3904,-34.6319,MOTO,CARGAS,2017-04-10 09:00:00
1,CALLE,NOGOYA 5940,10,-58.5245,-34.6245,MOTO,OBJETO FIJO,2017-04-14 06:15:00
1,AVENIDA,ARGENTINA AV. y CORVALAN,8,-58.4671,-34.672,MOTO,AUTO,2017-04-23 06:30:00
1,AVENIDA,"FERNANDEZ DE LA CRUZ, F., GRAL. AV. y VARELA AV.",8,-58.4385,-34.6555,PEATON,PASAJEROS,2017-04-27 18:16:00
2,AUTOPISTA,,9,-58.4376,-34.5991,MOTO,CARGAS,2017-04-28 11:08:08
1,AUTOPISTA,,7,-58.4783,-34.6749,AUTO,AUTO,2017-05-01 03:47:47
1,GRAL PAZ,"PAZ, GRAL. AV. y GOLETA SANTA CRUZ",8,-58.4941,-34.681,PEATON,CARGAS,2017-05-05 03:40:00
1,CALLE,VIEYTES y VILLARINO,4,-58.3755,-34.6533,MOTO,CARGAS,2017-05-05 20:16:22
1,AVENIDA,"DE LOS CONSTITUYENTES AV. y MORAN, PEDRO",15,-58.4868,-34.5869,MOTO,AUTO,2017-05-07 21:00:00
1,AVENIDA,DE LOS CONSTITUYENTES AV. 4900,12,-58.4956,-34.5796,AUTO,AUTO,2017-05-09 08:30:00
1,AVENIDA,CORDOBA AV. y LIBERTAD,1,-58.384,-34.5992,PEATON,MOTO,2017-05-09 23:10:00
1,CALLE,BRASIL y LIMA,1,-58.3822,-34.6269,PEATON,PASAJEROS,2017-05-11 09:24:00
1,AVENIDA,"ESCALADA AV. y FERNANDEZ DE LA CRUZ, F., GRAL. AV.",8,-58.4597,-34.6732,MOTO,OBJETO FIJO,2017-05-13 07:20:00
1,AVENIDA,PARAGUAY y CALLAO AV.,2,-58.393,-34.5987,PEATON,MOTO,2017-05-15 13:29:30
1,AVENIDA,"JUSTO, JUAN B. AV. y SAN BLAS",10,-58.5126,-34.634,MOTO,CARGAS,2017-05-15 16:00:00
1,AVENIDA,CHILE y 9 DE JULIO AV.,1,-58.3812,-34.6165,PEATON,PASAJEROS,2017-05-17 10:13:00
1,CALLE,"MAIPU y PERON, JUAN DOMINGO, TTE. GENERAL",1,-58.3765,-34.6058,CARGAS,AUTO,2017-05-20 05:00:00
1,AVENIDA,SUAREZ AV. y HERRERA,4,-58.3771,-34.6404,BICICLETA,CARGAS,2017-05-22 16:00:00
1,AVENIDA,SAN MARTIN AV. y FRAGATA PRES. SARMIENTO,15,-58.46,-34.6041,PEATON,PASAJEROS,2017-05-22 18:10:00
1,AVENIDA,"DIRECTORIO AV. y MORENO, JOSE MARIA AV.",6,-58.4338,-34.628,MOTO,CARGAS,2017-05-23 02:45:00
1,AVENIDA,"RABANAL, FRANCISCO, INTENDENTE AV. 2950",8,-58.4358,-34.6644,MOTO,OBJETO FIJO,2017-05-27 19:50:00
1,GRAL PAZ,"PAZ, GRAL. AV. y SCHMIDL, ULRICO",9,-58.5217,-34.66,MOTO,SD,2017-05-24 14:15:00
1,CALLE,NUEVA YORK 3696,11,-58.5079,-34.598,PEATON,AUTO,2017-05-30 13:20:00
1,AVENIDA,DE LOS CONSTITUYENTES AV. y VALLEJOS,12,-58.4918,-34.5823,AUTO,AUTO,2017-06-03 23:20:00
1,AVENIDA,CORRIENTES AV. y ECUADOR,3,-58.4078,-34.6043,MOTO,AUTO,2017-06-04 09:00:00
1,CALLE,CASCO 133,9,-58.5257,-34.6379,SD,SD,2017-06-04 12:50:00
1,AVENIDA,DE MAYO AV. y 9 DE JULIO AV.,1,-58.3815,-34.6091,PEATON,MOTO,2017-06-12 22:38:00
1,AVENIDA,"CASTILLO, RAMON S., PRES. AV. y CALLE 12 (NO OFICIAL)",2,-58.3853,-34.5781,PEATON,CARGAS,2017-06-13 14:50:00
1,CALLE,FRAY JUSTO SANTAMARIA DE ORO 1930,14,-58.4293,-34.5845,MOTO,CARGAS,2017-06-17 23:45:00
1,CALLE,MEXICO y DEAN FUNES,3,-58.4066,-34.6178,MOTO,CARGAS,2017-06-19 16:26:00
1,AVENIDA,"ALBERDI, JUAN BAUTISTA AV. y ESCALADA AV.",9,-58.4953,-34.6449,PEATON,CARGAS,2017-06-22 10:15:00
1,AVENIDA,ENTRE RIOS AV. y BRASIL,4,-58.3909,-34.6293,PEATON,AUTO,2017-06-25 22:40:00
1,AVENIDA,"ALBERDI, JUAN BAUTISTA AV. y GUARDIA NACIONAL",9,-58.496,-34.6456,MOTO,CARGAS,2017-07-04 00:25:00
1,AVENIDA,DEL LIBERTADOR AV. y RODRIGUEZ PEÃ‘A,2,-58.385,-34.587,PEATON,PASAJEROS,2017-07-05 12:49:00
1,AVENIDA,"TACUARI y GARCIA, MARTIN AV.",4,-58.3726,-34.6315,PEATON,PASAJEROS,2017-07-07 14:15:00
1,AVENIDA,RIVADAVIA AV. y MURGUIONDO,9,-58.5188,-34.6391,PEATON,MOTO,2017-07-09 07:30:00
1,CALLE,24 DE NOVIEMBRE 390,3,-58.411,-34.6152,PEATON,AUTO,2017-07-10 10:45:00
1,AVENIDA,PASEO COLON AV. y BRASIL AV.,1,-58.368,-34.6252,PEATON,PASAJEROS,2017-07-10 22:30:00
1,CALLE,"LEGUIZAMON, MARTINIANO 901",9,-58.5151,-34.6479,SD,AUTO,2017-07-13 12:05:00
1,GRAL PAZ,"CHIVILCOY AV. y PAZ, GRAL. AV.",11,-58.5193,-34.5917,PEATON,AUTO,2017-07-15 05:15:00
1,GRAL PAZ,"SUPERI y PAZ, GRAL. AV.",12,-58.4867,-34.5432,MOTO,SD,2017-07-15 13:00:00
1,AUTOPISTA,AUTOPISTA 25 DE MAYO y AUTOPISTA 1 SUR PRESIDENTE ARTURO FRONDIZI,1,-58.3827,-34.6228,PEATON,AUTO,2017-07-24 22:16:01
1,AUTOPISTA,"LUGONES, LEOPOLDO AV. y PUENTE DISTRIBUIDOR SCALABRINI ORTIZ",13,-58.4363,-34.5497,PEATON,AUTO,2017-07-25 16:48:40
1,CALLE,"HUGO, VICTOR 2639",10,-58.5264,-34.6177,BICICLETA,CARGAS,2017-07-27 08:50:00
1,AVENIDA,"CORDOBA AV. y SALGUERO, JERONIMO",14,-58.4189,-34.5978,MOTO,AUTO,2017-08-06 08:00:00
1,AVENIDA,CABILDO AV. y NUÃ‘EZ,13,-58.4676,-34.5497,PEATON,PASAJEROS,2017-08-07 19:50:00
1,CALLE,"BONIFACIO, JOSE 2114",7,-58.4572,-34.6313,PEATON,AUTO,2017-08-08 12:10:00
1,AVENIDA,"FIGUEROA ALCORTA, PRES. AV. 5400",14,-58.4241,-34.5621,BICICLETA,AUTO,2017-08-17 19:45:00
1,CALLE,REPUBLICA BOLIVARIANA DE VENEZUELA 2135,3,-58.3967,-34.6151,MOTO,OBJETO FIJO,2017-08-21 07:45:00
1,AVENIDA,"LACROZE, FEDERICO AV. y ZAPATA",13,-58.4454,-34.5708,PEATON,MULTIPLE,2017-08-23 10:00:00
1,AVENIDA,"IRIARTE, GRAL. AV. y ZAVALETA",4,-58.4006,-34.6511,PEATON,CARGAS,2017-08-24 01:10:00
1,AVENIDA,9 DE JULIO AV. y ESTADOS UNIDOS,1,-58.3811,-34.6185,PEATON,CARGAS,2017-08-25 09:00:00
1,CALLE,FRAY JUSTO SANTAMARIA DE ORO y GUEMES,14,-58.4253,-34.5804,PEATON,PASAJEROS,2017-08-31 19:50:00
1,AVENIDA,DEL LIBERTADOR AV. y JARAMILLO,13,-58.4606,-34.544,MOTO,CARGAS,2017-09-01 11:30:00
2,GRAL PAZ,"PAZ, GRAL. AV. y MACHAIN",12,-58.4949,-34.548,OBJETO FIJO,AUTO,2017-09-02 04:53:08
1,AVENIDA,DIRECTORIO AV. y PORTELA,7,-58.4713,-34.6367,MOTO,AUTO,2017-09-04 21:00:00
1,AVENIDA,"LAVALLE y ALEM, LEANDRO N. AV.",1,-58.3705,-34.6019,PEATON,PASAJEROS,2017-09-06 14:15:00
1,CALLE,USPALLATA y PIROVANO,4,-58.4202,-34.6423,PEATON,CARGAS,2017-09-07 18:23:37
2,AUTOPISTA,AUTOPISTA 25 DE MAYO y VARELA AV.,7,-58.4581,-34.64,AUTO,OBJETO FIJO,2017-09-10 09:32:17
1,AVENIDA,SANTA FE AV. y MAIPU,1,-58.377,-34.5957,PEATON,PASAJEROS,2017-09-11 06:30:00
1,AVENIDA,ALVEAR AV. y DEL LIBERTADOR AV.,2,-58.391,-34.585,AUTO,OBJETO FIJO,2017-09-15 02:30:00
1,AVENIDA,PAVON AV. y TREINTA Y TRES ORIENTALES,5,-58.4218,-34.6309,MOTO,BICICLETA,2017-09-19 18:52:33
1,GRAL PAZ,"PAZ, GRAL. AV. 5750",12,-58.5139,-34.5808,MOTO,OBJETO FIJO,2017-09-20 22:24:00
1,AVENIDA,"VIEYTES y CRUZ, OSVALDO AV.",4,-58.3759,-34.6523,MOTO,AUTO,2017-09-22 07:02:09
1,AUTOPISTA,AUTOPISTA DELLEPIANE LUIS TTE. GRAL. y ESCALADA AV.,9,-58.473,-34.6625,MOTO,CARGAS,2017-10-02 15:55:33
1,AVENIDA,ALBARIÃ‘O y ARGENTINA AV.,8,-58.4686,-34.6722,PEATON,AUTO,2017-10-10 01:05:38
1,CALLE,"RAMIREZ DE VELASCO, JUAN 1211",15,-58.4425,-34.5919,MOTO,PASAJEROS,2017-10-12 14:40:28
1,AVENIDA,"FERNANDEZ DE LA CRUZ, F., GRAL. AV. y LARRAYA",8,-58.4662,-34.6793,MOTO,OBJETO FIJO,2017-10-13 06:12:20
2,AVENIDA,RIESTRA AV. y CAÃ‘ADA DE GOMEZ,8,-58.48,-34.6815,AUTO,OBJETO FIJO,2017-10-14 06:15:00
1,AVENIDA,GALLO y CORDOBA AV.,2,-58.4119,-34.598,MOTO,MOTO,2017-10-16 07:45:00
1,CALLE,"ARANGUREN, JUAN F., DR. 611",6,-58.4403,-34.6135,PEATON,PASAJEROS,2017-10-17 12:30:00
1,AUTOPISTA,AUTOPISTA PERITO MORENO y AUTOPISTA 25 DE MAYO,9,-58.4716,-34.6493,MOTO,PASAJEROS,2017-10-26 19:15:15
1,AVENIDA,CHORROARIN y SAN MARTIN AV.,15,-58.4788,-34.5997,AUTO,CARGAS,2017-10-27 05:30:00
1,AVENIDA,"COSQUIN y ROCA, CNEL. AV.",8,-58.4655,-34.6937,MOTO,PASAJEROS,2017-10-30 14:00:00
1,AVENIDA,"ROCA, CNEL. AV. 3555",8,-58.4424,-34.6678,PEATON,PASAJEROS,2017-11-06 18:00:00
1,AVENIDA,WARNES AV. y PUNTA ARENAS,15,-58.4703,-34.5963,MOTO,CARGAS,2017-11-07 12:14:10
1,AVENIDA,"BARCO CENTENERA DEL y RABANAL, FRANCISCO, INTENDENTE AV.",4,-58.4183,-34.6552,PEATON,PASAJEROS,2017-11-16 08:43:00
1,AVENIDA,MOSCONI GENERAL AV. y SAN NICOLAS,11,-58.5128,-34.5928,PEATON,CARGAS,2017-11-17 11:45:00
1,AVENIDA,"LAFUENTE AV. y PERON, EVA AV.",7,-58.4626,-34.6439,MOTO,OBJETO FIJO,2017-11-19 10:30:00
1,AVENIDA,"ROCA, CNEL. AV. y ESCALADA AV.",8,-58.4506,-34.68,AUTO,OBJETO FIJO,2017-11-19 22:30:00
1,AUTOPISTA,AUTOPISTA 1 SUR PRESIDENTE ARTURO FRONDIZI,4,-58.3771,-34.6366,MOTO,PASAJEROS,2017-11-19 23:22:17
1,AVENIDA,"LA PLATA AV. y GOYENA, PEDRO AV.",6,-58.4272,-34.6251,PEATON,PASAJEROS,2017-11-23 19:45:00
1,CALLE,"TRELLES, MANUEL R. y DIAZ, CESAR, GRAL.",11,-58.4644,-34.6072,AUTO,PASAJEROS,2017-11-25 21:45:00
1,GRAL PAZ,"ROCA, CNEL. AV. y PAZ, GRAL. AV.",8,-58.4706,-34.6984,AUTO,OBJETO FIJO,2017-11-26 06:45:00
1,CALLE,MAZA y DON BOSCO,5,-58.4168,-34.6122,MOTO,AUTO,2017-11-26 17:05:00
1,GRAL PAZ,"PAZ, GRAL. AV. y PERON, EVA AV.",9,-58.5025,-34.6745,MOTO,AUTO,2017-11-28 11:15:00
1,AVENIDA,SAN JUAN AV. y LA RIOJA,3,-58.4071,-34.6244,PEATON,PASAJEROS,2017-11-29 10:45:00
1,AVENIDA,PASEO COLON AV. y MEXICO,1,-58.3695,-34.6148,PEATON,PASAJEROS,2017-11-30 12:20:00
1,AVENIDA,RIVADAVIA AV. y MIRALLA,9,-58.5114,-34.6393,PEATON,AUTO,2017-12-04 01:15:00
1,CALLE,VIEYTES y LUJAN,4,-58.3746,-34.6556,PEATON,PASAJEROS,2017-12-04 02:15:00
1,CALLE,CACHI y TRAFUL,4,-58.4115,-34.6507,BICICLETA,PASAJEROS,2017-12-06 17:30:00
2,AVENIDA,ROSARIO y LA PLATA AV.,6,-58.4286,-34.6183,MOTO,PASAJEROS,2017-12-11 02:00:00
1,AVENIDA,ENTRE RIOS AV. y CASEROS AV.,4,-58.3904,-34.6341,PEATON,PASAJEROS,2017-12-11 09:15:00
1,AVENIDA,RIVADAVIA AV. 6350,7,-58.4559,-34.6266,SD,MOTO,2017-12-12 21:25:41
1,GRAL PAZ,"PAZ, GRAL. AV. y HUMAITA",9,-58.5287,-34.646,AUTO,PASAJEROS,2017-12-17 09:02:00
1,GRAL PAZ,"GUALEGUAYCHU y PAZ, GRAL. AV.",11,-58.5204,-34.5941,MOTO,AUTO,2017-12-18 21:30:00
1,AVENIDA,"INDEPENDENCIA AV. y CEVALLOS, VIRREY",1,-58.389,-34.618,MOTO,AUTO,2017-12-20 04:31:27
1,AVENIDA,NAZCA AV. 365,7,-58.4707,-34.6277,PEATON,MOTO,2017-12-22 13:15:00
1,AVENIDA,"PERON, EVA AV. 5249",9,-58.482,-34.6597,PEATON,AUTO,2017-12-26 15:30:00
1,AVENIDA,SAN JUAN AV. y RINCON,3,-58.3954,-34.623,PEATON,MOTO,2018-01-01 22:50:00
1,CALLE,PERU 937,1,-58.3746,-34.619,BICICLETA,PASAJEROS,2018-01-03 16:40:00
1,AVENIDA,"PUEYRREDON, HONORIO, DR. AV. y GALICIA",15,-58.4486,-34.604,PEATON,MULTIPLE,2018-01-05 10:12:00
1,AVENIDA,DEL LIBERTADOR AV. y MANZANARES,13,-58.4613,-34.5433,MOTO,MULTIPLE,2018-01-09 09:40:00
1,AVENIDA,PASEO COLON AV. 1019,1,-58.3691,-34.6195,PEATON,PASAJEROS,2018-01-09 22:30:00
1,CALLE,VALLE y BARCO CENTENERA DEL,6,-58.4406,-34.625,BICICLETA,PASAJEROS,2018-01-10 21:15:00
1,AUTOPISTA,AUTOPISTA PERITO MORENO KM. 0.6,9,-58.525,-34.636,AUTO,AUTO,2018-01-11 02:30:00
1,AVENIDA,"HUERGO, ING. AV. e INDEPENDENCIA AV.",1,-58.3666,-34.6169,MOTO,CARGAS,2018-01-12 17:50:00
1,AVENIDA,"PILCOMAYO y BROWN, ALTE. AV.",4,-58.3674,-34.6276,MOTO,MOTO,2018-01-14 02:00:00
1,CALLE,"CERVANTES y BELAUSTEGUI, LUIS, DR.",10,-58.4981,-34.6304,MOTO,CARGAS,2018-01-18 05:10:00
1,AVENIDA,"CALLAO AV. y LOPEZ, VICENTE",2,-58.3909,-34.5909,PEATON,PASAJEROS,2018-01-19 10:30:00
1,CALLE,"OLIDEN y CHILAVERT, MARTINIANO, CORONEL",8,-58.4691,-34.6805,MOTO,PASAJEROS,2018-01-26 13:30:00
1,AVENIDA,CONGRESO AV. y GALVAN,12,-58.4866,-34.5679,MOTO,AUTO,2018-01-28 08:15:00
1,AVENIDA,"MORENO, PERITO AV. y RIVERA INDARTE AV.",7,-58.4407,-34.6508,PEATON,MOTO,2018-01-31 20:00:00
2,AVENIDA,AUSTRALIA AV. 2800,4,-58.3864,-34.6468,MOTO,PASAJEROS,2018-02-06 01:00:00
1,AVENIDA,"DEL LIBERTADOR AV. y RAMOS MEJIA, JOSE MARIA, DR. AV.",1,-58.3753,-34.5928,MOTO,CARGAS,2018-02-15 10:15:00
1,AVENIDA,SAN PEDRITO AV. y RIVADAVIA AV.,7,-58.4696,-34.6307,PEATON,AUTO,2018-02-17 04:15:00
1,CALLE,"ISABEL LA CATOLICA y SALVADORES, CNEL.",4,-58.3721,-34.6454,MOTO,CARGAS,2018-02-17 07:15:00
1,AVENIDA,LAS HERAS GENERAL AV. y CALLAO AV.,2,-58.3919,-34.5918,PEATON,PASAJEROS,2018-02-17 12:30:00
1,AUTOPISTA,"FERNANDEZ DE LA CRUZ F., GRAL. AV. y AUTOPISTA PRESIDENTE HECTOR J. CAMPORA",8,-58.4501,-34.6652,MOTO,CARGAS,2018-02-19 22:00:00
1,AVENIDA,"ALCORTA, AMANCIO AV. y ZAVALETA",4,-58.4018,-34.6455,PEATON,PASAJEROS,2018-02-22 10:45:00
1,AVENIDA,"MONTES DE OCA, MANUEL AV. y OLAVARRIA",4,-58.3744,-34.6397,MOTO,CARGAS,2018-02-24 00:00:00
1,CALLE,BARCO CENTENERA DEL y ROSARIO,6,-58.4411,-34.6208,MOTO,AUTO,2018-02-24 06:00:00
1,AVENIDA,ALVAREZ THOMAS AV. y DONADO,15,-58.4709,-34.5783,PEATON,CARGAS,2018-02-28 23:00:00
1,AVENIDA,AVELLANEDA AV. y BOYACA AV.,7,-58.4596,-34.6225,PEATON,AUTO,2018-03-04 22:30:00
2,AVENIDA,"RABANAL, FRANCISCO, INTENDENTE AV. y SAENZ AV.",4,-58.4166,-34.6548,MOVIL,CARGAS,2018-03-09 04:45:00
1,CALLE,CASTRO y RONDEAU,5,-58.4191,-34.6372,PEATON,MOTO,2018-03-11 23:00:00
1,AVENIDA,"BILBAO, FRANCISCO AV. y AZUL",9,-58.4712,-34.6425,PEATON,CARGAS,2018-03-13 15:45:00
1,AVENIDA,NAZCA AV. y GAONA AV.,11,-58.4742,-34.6205,MOTO,AUTO,2018-03-15 18:00:00
1,AVENIDA,PLAZA y ALVAREZ THOMAS AV.,15,-58.4672,-34.5791,MOTO,MOTO,2018-03-20 01:30:00
1,AVENIDA,"GAONA AV. y ARTIGAS, JOSE GERVASIO, GRAL.",11,-58.4691,-34.6178,MOTO,CARGAS,2018-03-28 10:15:00
1,AVENIDA,CABILDO AV. y AGUILAR,13,-58.447,-34.5689,PEATON,PASAJEROS,2018-04-02 13:00:00
1,AVENIDA,CAMARONES y LOPE DE VEGA AV.,10,-58.5054,-34.629,MOTO,CARGAS,2018-04-07 07:30:00
1,AVENIDA,SANTA FE AV. 2320,2,-58.4002,-34.5952,PEATON,PASAJEROS,2018-04-11 18:15:00
1,AVENIDA,RIVADAVIA AV. 6950,7,-58.4633,-34.6292,PEATON,PASAJEROS,2018-04-12 16:45:00
1,AVENIDA,SAN MARTIN AV. y ARGERICH,15,-58.4947,-34.5969,MOTO,AUTO,2018-04-13 23:15:00
1,AVENIDA,"CORDOBA AV. y URIBURU JOSE E., PRES.",2,-58.3987,-34.5998,PEATON,CARGAS,2018-04-18 18:45:00
2,AVENIDA,RIVADAVIA AV. 1571,1,-58.3887,-34.6089,PEATON,AUTO,2018-04-20 17:10:00
1,AUTOPISTA,,14,-58.3771,-34.6366,PEATON,AUTO,2018-04-21 22:15:00
1,CALLE,"FREIRE, RAMON, CAP. GRAL. y OLAGUER Y FELIU, VIRREY",13,-58.4569,-34.5731,PEATON,CARGAS,2018-04-27 11:00:00
1,AVENIDA,"LA PLATA AV. y FERNANDEZ DE LA CRUZ, F., GRAL. AV.",4,-58.4228,-34.6428,PEATON,PASAJEROS,2018-04-27 13:30:00
1,CALLE,BRANDSEN y PERDRIEL,4,-58.3867,-34.6395,MOTO,CARGAS,2018-04-27 18:43:00
1,AVENIDA,"VILARDEBO, TEODORO y ALVAREZ JONTE AV.",11,-58.4912,-34.6121,MOTO,AUTO,2018-04-28 06:30:00
1,AVENIDA,ALBERTI e INDEPENDENCIA AV.,3,-58.401,-34.6187,PEATON,AUTO,2018-04-28 09:00:00
1,AVENIDA,ALVAREZ THOMAS AV. 879,13,-58.4545,-34.5792,AUTO,CARGAS,2018-04-30 07:00:00
1,GRAL PAZ,"PAZ, GRAL. AV. y RIVADAVIA AV.",9,-58.5293,-34.6393,PEATON,AUTO,2018-05-02 03:15:00
1,AVENIDA,CORRIENTES AV. y DORREGO AV.,15,-58.4476,-34.5917,PEATON,PASAJEROS,2018-05-08 19:00:00
1,AVENIDA,RIVADAVIA AV. y PEDERNERA,7,-58.4641,-34.6293,PEATON,PASAJEROS,2018-05-09 10:30:00
1,CALLE,QUESADA 2300,13,-58.4621,-34.554,PEATON,AUTO,2018-05-11 19:15:00
1,AVENIDA,CABILDO AV. y JURAMENTO AV.,13,-58.4567,-34.562,PEATON,PASAJEROS,2018-05-14 18:45:00
1,CALLE,"CALIFORNIA y CARBONARI, FRANCISCO, CMTE.",4,-58.3598,-34.6434,PEATON,AUTO,2018-05-15 21:15:00
1,AVENIDA,"CARRIL, SALVADOR MARIA DEL AV. y NAZCA",15,-58.4982,-34.5907,PEATON,PASAJEROS,2018-05-18 20:30:00
1,CALLE,SAN LUIS y AGUERO,3,-58.4106,-34.5994,MOTO,AUTO,2018-05-20 02:30:00
1,CALLE,LUGONES 2430,12,-58.4797,-34.5712,PEATON,BICICLETA,2018-05-22 11:15:00
1,AVENIDA,INDEPENDENCIA AV. y JUJUY AV.,3,-58.4035,-34.6188,MOTO,AUTO,2018-05-29 07:30:00
1,AVENIDA,RIVADAVIA AV. 11050,9,-58.5197,-34.6392,PEATON,PASAJEROS,2018-06-02 13:00:00
1,CALLE,COMBATE DE LOS POZOS y HUMBERTO 1Â°,3,-58.3931,-34.6216,MOTO,PASAJEROS,2018-06-03 03:30:00
1,AVENIDA,CORDOBA AV. y THAMES,15,-58.4353,-34.5908,MOTO,AUTO,2018-06-03 06:30:00
1,AVENIDA,"GARAY, JUAN DE AV. y SANCHEZ DE LORIA",5,-58.4118,-34.6304,MOTO,OTRO,2018-06-08 06:20:00
1,AVENIDA,"LAVALLE y ALEM, LEANDRO N. AV.",1,-58.3705,-34.6019,PEATON,PASAJEROS,2018-06-08 12:50:00
1,CALLE,ESTADOS UNIDOS y PICHINCHA,3,-58.3988,-34.6196,MOTO,MOTO,2018-06-10 11:15:00
1,CALLE,ROSARIO y BARCO CENTENERA DEL,6,-58.4411,-34.6208,PEATON,CARGAS,2018-06-14 01:00:00
1,AVENIDA,"ALEM, LEANDRO N. AV. y VIAMONTE",1,-58.3709,-34.5995,PEATON,PASAJEROS,2018-06-16 21:15:00
1,AVENIDA,VARELA AV. y PRIMERA JUNTA,7,-58.4586,-34.6395,AUTO,CARGAS,2018-06-25 01:15:00
1,CALLE,"PELLEGRINI, CARLOS y JUNCAL",1,-58.3816,-34.5928,MOTO,CARGAS,2018-06-26 17:30:00
1,AVENIDA,"CORRIENTES AV. y LACROZE, FEDERICO AV.",15,-58.4551,-34.587,PEATON,PASAJEROS,2018-06-28 11:00:00
1,AVENIDA,"MONTES DE OCA, MANUEL AV. y FINOCHIETTO ENRIQUE DR.",4,-58.3772,-34.6297,PASAJEROS,AUTO,2018-06-29 16:15:00
1,AVENIDA,"CARABOBO AV. y ALBERDI, JUAN BAUTISTA AV.",7,-58.4555,-34.6293,MOTO,AUTO,2018-07-01 09:00:00
1,AVENIDA,CORDOBA AV. 2215,2,-58.399,-34.5995,BICICLETA,PASAJEROS,2018-07-04 21:45:00
1,CALLE,"ESTADOS UNIDOS y URQUIZA, GRAL.",3,-58.4092,-34.6213,MOTO,PASAJEROS,2018-07-07 15:45:00
1,AVENIDA,"MORENO y HUERGO, ING. AV.",1,-58.3673,-34.611,MOTO,CARGAS,2018-07-10 17:50:00
1,AUTOPISTA,AUTOPISTA DELLEPIANE LUIS TTE. GRAL. y MONTIEL,8,-58.4827,-34.6845,MOTO,CARGAS,2018-07-11 13:15:00
1,AVENIDA,"IRIARTE, GRAL. AV. 3400",4,-58.3955,-34.6517,PEATON,CARGAS,2018-07-11 15:45:00
1,AVENIDA,"ALBERDI, JUAN BAUTISTA AV. 2968",7,-58.4694,-34.6338,AUTO,CARGAS,2018-07-14 06:04:00
1,AVENIDA,DEL LIBERTADOR AV. y ORTIZ DE OCAMPO,14,-58.4037,-34.5813,PEATON,AUTO,2018-07-15 07:30:00
1,CALLE,"CHAVEZ, JORGE y PAZ, GRAL. AV.",9,-58.5293,-34.6501,AUTO,CARGAS,2018-07-16 09:30:00
1,CALLE,"URQUIZA, GRAL. y ESTADOS UNIDOS",3,-58.4092,-34.6213,AUTO,CARGAS,2018-07-16 23:15:00
1,CALLE,PARAGUAY y SANCHEZ DE BUSTAMANTE,2,-58.4126,-34.5947,PEATON,AUTO,2018-07-21 06:15:00
1,GRAL PAZ,"DE LOS CORRALES AV. y PAZ, GRAL. AV.",9,-58.5088,-34.6698,PEATON,CARGAS,2018-07-23 07:15:00
1,AVENIDA,"ALBERDI, JUAN BAUTISTA AV. y CARHUE",9,-58.5123,-34.659,PEATON,AUTO,2018-07-25 22:22:00
1,AVENIDA,CASTAÃ‘ARES AV. y RIVERA INDARTE AV.,7,-58.4474,-34.6457,PEATON,MULTIPLE,2018-07-29 06:30:00
1,AVENIDA,"LARRAZABAL y GARZON, EUGENIO, GRAL. AV.",9,-58.4944,-34.6587,MOTO,CARGAS,2018-08-01 15:53:00
1,GRAL PAZ,"PAZ, GRAL. AV. y FERNANDEZ DE LA CRUZ, F., GRAL. AV.",8,-58.4798,-34.6915,MOTO,CARGAS,2018-08-02 05:20:00
1,AVENIDA,"MOREAU DE JUSTO, ALICIA AV. y COCHABAMBA",1,-58.3652,-34.6226,PEATON,CARGAS,2018-08-03 07:25:00
2,AVENIDA,"ENTRE RIOS AV. y GARAY, JUAN DE AV.",3,-58.3912,-34.627,MOTO,PASAJEROS,2018-08-03 18:16:00
1,AVENIDA,DIRECTORIO AV. y GUARDIA NACIONAL,9,-58.4902,-34.6502,PEATON,PASAJEROS,2018-08-10 21:44:00
1,AVENIDA,PAVON AV. y COLOMBRES,5,-58.4164,-34.6302,PEATON,PASAJEROS,2018-08-15 19:20:00
1,GRAL PAZ,"PAZ, GRAL. AV. y BALBIN, RICARDO, DR. AV.",12,-58.5007,-34.5498,MOTO,CARGAS,2018-08-17 16:36:00
1,AVENIDA,PICHINCHA AV. y BRASIL,4,-58.3963,-34.6304,PEATON,PASAJEROS,2018-08-17 17:56:00
1,AVENIDA,27 DE FEBRERO AV. y PERGAMINO,8,-58.4328,-34.6705,MOTO,AUTO,2018-08-18 10:34:00
1,AUTOPISTA,AUTOPISTA PERITO MORENO y BARRAGAN,9,-58.5228,-34.6366,AUTO,AUTO,2018-08-19 18:47:00
1,AVENIDA,CORDOBA AV. y GASCON,14,-58.4234,-34.5977,MOTO,AUTO,2018-08-20 08:20:00
1,CALLE,15 DE NOVIEMBRE DE 1889 1513,1,-58.3869,-34.6311,PEATON,PASAJEROS,2018-08-20 08:41:00
1,CALLE,"SALGUERO, JERONIMO y BERUTI",14,-58.4117,-34.5858,MOTO,PASAJEROS,2018-08-23 05:35:00
1,AVENIDA,"LACARRA AV. y DELLEPIANE, LUIS, TTE. GRAL.",9,-58.4674,-34.6512,AUTO,AUTO,2018-08-26 00:59:00
1,AUTOPISTA,"AUTOPISTA PRESIDENTE HÃ‰CTOR J. CÃMPORA y ROCA, CNEL. AV.",8,-58.4448,-34.6715,PEATON,AUTO,2018-08-31 22:20:00
1,AVENIDA,"VARELA AV. y RABANAL, FRANCISCO, INTENDENTE AV.",8,-58.4325,-34.6613,AUTO,OTRO,2018-09-02 10:50:00
2,GRAL PAZ,"PAZ, GRAL. AV. y BERON DE ASTRADA",8,-58.472,-34.6964,AUTO,AUTO,2018-09-09 05:00:00
1,AVENIDA,RIVADAVIA AV. y PEDERNERA,7,-58.4641,-34.6293,PEATON,PASAJEROS,2018-09-12 14:25:00
1,AVENIDA,"RAWSON DE DELLEPIANE, ELVIRA AV. 150",1,-58.3622,-34.6237,MOTO,AUTO,2018-09-20 10:30:00
1,GRAL PAZ,"PAZ, GRAL. AV. y ZAPIOLA",12,-58.481,-34.5407,AUTO,MULTIPLE,2018-09-21 00:15:00
1,CALLE,"FAMATINA y TABORDA, DIOGENES",4,-58.4108,-34.6464,MOTO,AUTO,2018-09-21 00:30:00
1,AVENIDA,"CASTAÃ‘ARES AV. y BONORINO, ESTEBAN, CNEL. AV.",7,-58.4461,-34.6445,PEATON,MOTO,2018-09-27 17:51:00
1,AUTOPISTA,AUTOPISTA 1 SUR PRESIDENTE ARTURO FRONDIZI y SUAREZ AV.,4,-58.3771,-34.6404,MOTO,MOTO,2018-10-01 08:58:00
1,AVENIDA,NAZCA AV. y RIVADAVIA AV.,7,-58.4696,-34.6307,PEATON,PASAJEROS,2018-10-03 18:12:00
1,AVENIDA,"FIGUEROA ALCORTA, PRES. AV. y ECHEVERRIA",13,-58.4367,-34.5516,MOTO,MOTO,2018-10-04 22:02:00
1,AVENIDA,RIVADAVIA AV. y JUJUY AV.,3,-58.406,-34.6101,PEATON,PASAJEROS,2018-10-06 14:20:00
1,AVENIDA,"DE LOS ITALIANOS AV. y GUEMES, MACACHA",1,-58.3615,-34.6046,MOTO,AUTO,2018-10-09 14:00:00
1,AVENIDA,"TUCUMAN y ALEM, LEANDRO N. AV.",1,-58.3706,-34.6007,PEATON,PASAJEROS,2018-10-10 22:12:00
1,AVENIDA,"CORRIENTES AV. y GALLARDO, ANGEL AV.",15,-58.4322,-34.6021,PEATON,MOTO,2018-10-13 03:05:00
1,AUTOPISTA,"AUTOPISTA PERITO MORENO & PERON, EVA  AV.",9,-58.4696,-34.6495,MOTO,CARGAS,2018-10-19 12:13:00
1,CALLE,MUÃ‘ECAS y SERRANO,15,-58.4467,-34.5997,MOTO,CARGAS,2018-10-24 09:18:00
1,CALLE,"ARTIGAS, JOSE GERVASIO, GRAL. y TRES ARROYOS",11,-58.4715,-34.6147,MOTO,CARGAS,2018-10-25 11:00:00
1,AVENIDA,SOLIS e INDEPENDENCIA AV.,1,-58.3903,-34.6181,MOTO,AUTO,2018-10-30 02:15:00
1,CALLE,"BOSCH, VENTURA y PAZ, GRAL. AV.",9,-58.5289,-34.643,PEATON,PASAJEROS,2018-10-31 12:30:00
1,GRAL PAZ,"PAZ, GRAL. AV. 14800",8,-58.4937,-34.6798,PEATON,CARGAS,2018-11-01 10:50:00
1,AVENIDA,"PERON, EVA AV. 5321",9,-58.4827,-34.6601,MOTO,MOTO,2018-11-04 08:15:00
1,AVENIDA,"PERON, JUAN DOMINGO, TTE. GENERAL y PUEYRREDON AV.",3,-58.4061,-34.6077,PEATON,MOTO,2018-11-05 14:49:00
1,AVENIDA,"RABANAL, FRANCISCO, INTENDENTE AV. y SAN PEDRITO",8,-58.4361,-34.6629,PEATON,SD,2018-11-05 22:35:00
1,AVENIDA,MONROE y ALVAREZ THOMAS AV.,12,-58.4825,-34.5721,PEATON,AUTO,2018-11-09 13:34:00
1,AVENIDA,RIVADAVIA AV. y MANZONI,10,-58.4995,-34.6374,PEATON,PASAJEROS,2018-11-09 16:32:00
1,AUTOPISTA,AUTOPISTA DELLEPIANE LUIS TTE. GRAL. y LARRAZABAL,8,-58.4774,-34.6723,AUTO,AUTO,2018-11-12 01:00:00
1,GRAL PAZ,"PAZ, GRAL. AV. y PERON, EVA AV.",9,-58.5025,-34.6745,AUTO,SD,2018-11-12 03:32:00
1,AUTOPISTA,AUTOPISTA PERITO MORENO y RESERVISTAS ARGENTINOS,9,-58.5214,-34.6368,CARGAS,CARGAS,2018-11-15 19:40:00
1,AVENIDA,SAENZ AV. y VENTANA,4,-58.4165,-34.6508,PEATON,PASAJEROS,2018-11-16 21:12:00
1,GRAL PAZ,"PAZ, GRAL. AV. y FALCON, RAMON L.,CNEL.",9,-58.5299,-34.6406,MOTO,AUTO,2018-11-18 12:11:00
1,GRAL PAZ,"PAZ, GRAL. AV. y DE LOS CONSTITUYENTES AV.",12,-58.5099,-34.5692,MOTO,MOTO,2018-11-19 09:14:00
2,GRAL PAZ,"PAZ, GRAL. AV. 11200",9,-58.5284,-34.6459,AUTO,PASAJEROS,2018-11-25 04:30:00
1,AVENIDA,"NEWBERY, JORGE AV. y GUEVARA",15,-58.4502,-34.587,MOTO,PASAJEROS,2018-11-28 04:01:00
1,AVENIDA,GAONA AV. y SEGUROLA AV.,10,-58.4902,-34.6277,MOTO,PASAJEROS,2018-12-03 03:00:00
1,AVENIDA,"MADERO, EDUARDO AV. 550",1,-58.3686,-34.6011,MOTO,CARGAS,2018-12-07 19:10:00
1,AUTOPISTA,"AUTOPISTA ARTURO ILLIA y CASTILLO, RAMON S., PRES. AV.",2,-58.3949,-34.5724,PEATON,CARGAS,2018-12-12 08:26:00
1,AVENIDA,NAZCA AV. y RIVADAVIA AV.,7,-58.4696,-34.6307,PEATON,CARGAS,2018-12-12 14:07:00
1,AVENIDA,LA PLATA AV. y CASEROS AV.,7,-58.4235,-34.6402,PEATON,MOTO,2018-12-12 21:00:00
1,AVENIDA,BELGRANO AV. y PERU,1,-58.3747,-34.6127,PEATON,PASAJEROS,2018-12-18 14:40:00
1,AVENIDA,RIVADAVIA AV. 7013,7,-58.4644,-34.6291,PEATON,PASAJEROS,2018-12-18 15:42:00
1,CALLE,"ALSINA, ADOLFO y SANTIAGO DEL ESTERO",1,-58.3848,-34.611,MOTO,PASAJEROS,2018-12-18 20:15:00
1,CALLE,BERMUDEZ 1893,10,-58.5075,-34.6207,PASAJEROS,PASAJEROS,2018-12-21 09:30:00
1,CALLE,SANTANDER 1974,7,-58.4468,-34.6389,MOTO,MOTO,2018-12-22 06:30:00
1,CALLE,LANTERI JULIETA 1400,1,-58.36,-34.6138,AUTO,AUTO,2018-12-22 08:05:00
1,AVENIDA,MAZA e INDEPENDENCIA AV.,5,-58.4151,-34.6209,PEATON,MOTO,2018-12-22 17:40:00
1,GRAL PAZ,"PAZ, GRAL. AV. 5172",12,-58.51,-34.5725,CARGAS,PASAJEROS,2018-12-25 13:30:00
1,AVENIDA,"OLIVERA AV. y ALBERDI, JUAN BAUTISTA AV.",10,-58.4861,-34.6405,MOTO,AUTO,2018-12-29 05:25:00
1,AVENIDA,"CASTILLO, RAMON S., PRES. AV. y CALLE 12 (NO OFICIAL)",2,-58.3853,-34.5781,MOTO,CARGAS,2019-01-08 08:30:00
1,AVENIDA,"CASTAÃ‘ARES AV. y MORENO, PERITO AV.",7,-58.4546,-34.6508,AUTO,CARGAS,2019-01-09 04:00:00
1,AVENIDA,SAN MARTIN AV. y TERRADA,15,-58.4912,-34.5972,MOTO,AUTO,2019-01-12 08:00:00
1,AVENIDA,"PERON, EVA AV. y MEDINA",9,-58.4733,-34.6528,AUTO,PASAJEROS,2019-01-14 19:58:00
1,AVENIDA,"JUSTO, JUAN B. AV. y ALVAREZ JONTE AV.",10,-58.5211,-34.6338,MOTO,CARGAS,2019-01-19 12:00:00
1,AVENIDA,"OBLIGADO RAFAEL, AV.COSTANERA 4650",14,-58.4165,-34.5551,PEATON,AUTO,2019-01-23 05:45:00
1,CALLE,"MITRE, BARTOLOME y YATAY",5,-58.4289,-34.6107,MOTO,AUTO,2019-01-26 19:34:00
1,GRAL PAZ,"PAZ, GRAL. AV. 16080",8,-58.478,-34.6916,MOTO,MULTIPLE,2019-01-30 22:45:00
1,AVENIDA,CHACABUCO y SAN JUAN AV.,1,-58.3756,-34.622,MOTO,AUTO,2019-01-31 14:55:00
2,AVENIDA,DEL LIBERTADOR AV. 4100,14,-58.4267,-34.5696,PEATON,AUTO,2019-02-02 07:50:00
1,GRAL PAZ,"PAZ, GRAL. AV. y ALBERDI, JUAN BAUTISTA AV.",9,-58.5184,-34.6625,PEATON,AUTO,2019-02-10 01:00:00
1,AVENIDA,"CASTAÃ‘ARES AV. y GORDILLO, TIMOTEO",8,-58.4843,-34.6767,MOTO,AUTO,2019-02-17 03:16:00
1,CALLE,SALVIGNY y MOM,7,-58.4338,-34.6446,PEATON,AUTO,2019-02-20 07:30:00
1,CALLE,"LAMARCA, EMILIO 5402",11,-58.5166,-34.5866,MOTO,OBJETO FIJO,2019-02-20 17:30:00
1,AVENIDA,SAN MARTIN AV. 5638,11,-58.4961,-34.597,AUTO,OBJETO FIJO,2019-02-23 06:57:00
1,CALLE,"CARRILLO, RAMON, DR. y FINOCHIETTO ENRIQUE DR.",4,-58.3831,-34.6336,MOTO,PASAJEROS,2019-02-24 02:00:00
1,CALLE,MEXICO y PICHINCHA,3,-58.3991,-34.6163,AUTO,PASAJEROS,2019-03-03 07:00:00
1,AUTOPISTA,"CANTILO, INT. y UDAONDO, GUILLERMO AV.",13,-58.4493,-34.5405,PEATON,AUTO,2019-03-03 23:30:00
1,AVENIDA,DEL LIBERTADOR AV. 6326,13,-58.4505,-34.5537,MOTO,AUTO,2019-03-06 12:00:00
1,AVENIDA,CHICLANA AV. 3444,5,-58.4129,-34.6357,MOTO,AUTO,2019-03-07 21:01:00
1,AVENIDA,BOYACA AV. y YERBAL,7,-58.4574,-34.6256,MOTO,AUTO,2019-03-15 22:50:00
1,AVENIDA,ENTRE RIOS AV. 1260,1,-58.3912,-34.6235,AUTO,SD,2019-03-15 00:00:00
1,GRAL PAZ,"PAZ, GRAL. AV. y JACQUES, AMADEO",9,-58.5292,-34.6364,AUTO,OBJETO FIJO,2019-03-16 08:28:00
1,AVENIDA,ANTARTIDA ARGENTINA AV. 1325,1,-58.3721,-34.5854,MOTO,CARGAS,2019-03-19 07:12:00
1,CALLE,"MITRE, BARTOLOME y SANCHEZ DE BUSTAMANTE",5,-58.4146,-34.6094,PEATON,AUTO,2019-03-22 13:10:00
1,AVENIDA,"FERNANDEZ DE LA CRUZ, F., GRAL. AV. y PAZ, GRAL. AV.",8,-58.4798,-34.6915,PEATON,PASAJEROS,2019-03-28 07:32:00
1,AVENIDA,SANTA FE AV. y AZCUENAGA,2,-58.3999,-34.5951,BICICLETA,MULTIPLE,2019-03-28 11:11:00
1,AVENIDA,"JUSTO, JUAN B. AV. y OROÃ‘O, NICASIO",11,-58.4605,-34.6059,PEATON,PASAJEROS,2019-04-06 09:15:00
1,AVENIDA,"FERNANDEZ DE LA CRUZ, F., GRAL. AV. y PAZ, GRAL. AV.",8,-58.4798,-34.6915,MOTO,OBJETO FIJO,2019-04-07 10:15:00
1,CALLE,"ALVAREZ, DONATO, TTE. GRAL. y YERBAL",7,-58.4546,-34.6245,MOTO,CARGAS,2019-04-09 16:00:00
1,AVENIDA,"CORDOBA AV. y MADERO, EDUARDO AV.",1,-58.3695,-34.5983,BICICLETA,CARGAS,2019-04-12 19:55:00
1,AVENIDA,"CAMARONES y ALVAREZ, DONATO, TTE. GRAL. AV.",11,-58.4642,-34.6044,PEATON,AUTO,2019-04-16 11:00:00
1,AUTOPISTA,"AUTOPISTA 25 DE MAYO y HUERGO, ING. AV.",1,-58.3661,-34.6215,MOTO,SD,2019-04-18 01:00:00
1,AVENIDA,"MORENO, PERITO AV. 3050",7,-58.4554,-34.6509,MOTO,OBJETO FIJO,2019-04-21 09:08:00
1,CALLE,SUIPACHA 665,1,-58.3794,-34.6005,PEATON,BICICLETA,2019-04-23 14:10:00
1,CALLE,RIGLOS y FORMOSA,6,-58.4368,-34.6215,MOTO,AUTO,2019-04-26 22:46:00
1,AVENIDA,LA RIOJA e INDEPENDENCIA AV.,3,-58.4078,-34.6197,MOTO,AUTO,2019-05-01 23:10:00
1,AVENIDA,"UDAONDO, GUILLERMO AV. y FIGUEROA ALCORTA, PRES. AV.",13,-58.4521,-34.5463,PEATON,MOTO,2019-05-04 14:10:00
1,AVENIDA,SAN PEDRITO AV. y DIRECTORIO AV.,7,-58.4675,-34.6355,MOTO,AUTO,2019-05-09 03:05:00
1,CALLE,PUAN y SANTANDER,7,-58.4426,-34.6368,MOTO,SD,2019-05-09 12:45:00
1,AVENIDA,"ALBERDI, JUAN BAUTISTA AV. y ANDALGALA",9,-58.5114,-34.6585,AUTO,MULTIPLE,2019-05-11 20:30:00
1,CALLE,LIMA y CONSTITUCION,1,-58.3821,-34.6247,PEATON,PASAJEROS,2019-05-14 15:00:00
1,AVENIDA,"CORDOBA AV. y MADERO, EDUARDO AV.",1,-58.3695,-34.5983,BICICLETA,CARGAS,2019-05-21 09:00:00
1,AVENIDA,BOEDO AV. 650,5,-58.4164,-34.6204,PEATON,MOTO,2019-05-27 12:45:00
1,AVENIDA,DEL LIBERTADOR AV. y REPUBLICA DE LA INDIA,14,-58.4132,-34.5758,MOTO,CARGAS,2019-06-03 07:27:00
1,GRAL PAZ,"PAZ, GRAL. AV. y CABILDO AV.",13,-58.4762,-34.5383,MOTO,AUTO,2019-06-04 09:00:00
1,AVENIDA,CASEROS AV. 1700,4,-58.3864,-34.6333,PEATON,CARGAS,2019-06-06 10:00:00
1,AVENIDA,AVELLANEDA AV. 1548,6,-58.4532,-34.6204,MOTO,CARGAS,2019-06-07 07:00:00
1,CALLE,CIUDAD DE LA PAZ y MENDOZA,13,-58.4585,-34.5617,PEATON,CARGAS,2019-06-08 09:20:00
1,AVENIDA,"SALGUERO, JERONIMO y HONDURAS AV.",14,-58.4183,-34.5941,MOTO,CARGAS,2019-06-08 23:35:00
1,CALLE,"FILIBERTO, JUAN DE DIOS y OLAVARRIA",4,-58.3638,-34.6383,MOTO,AUTO,2019-06-11 10:00:00
1,AVENIDA,ASTURIAS AV. y CASTAÃ‘ARES AV.,8,-58.4644,-34.66,AUTO,AUTO,2019-06-14 17:20:00
1,CALLE,GANDARA 2976,15,-58.4822,-34.5843,MOTO,OBJETO FIJO,2019-06-20 03:00:00
1,AVENIDA,"GUEVARA, TRINIDAD y MADERO, EDUARDO AV.",1,-58.3682,-34.6028,MOTO,PASAJEROS,2019-06-20 19:45:00
1,AVENIDA,BOYACA AV. 305,7,-58.4588,-34.6233,PEATON,AUTO,2019-06-29 17:16:00
1,CALLE,ARTILLEROS y LA PAMPA,13,-58.442,-34.5576,PEATON,AUTO,2019-07-05 19:00:00
1,AUTOPISTA,AUTOPISTA PERITO MORENO e IRIGOYEN,10,-58.5062,-34.6363,MOTO,PASAJEROS,2019-07-10 09:20:00
1,CALLE,15 DE NOVIEMBRE DE 1889 y SANTIAGO DEL ESTERO,1,-58.3841,-34.631,MOTO,PASAJEROS,2019-07-13 22:35:00
1,AVENIDA,"ACOSTA, MARIANO AV. y FALCON, RAMON L.,CNEL.",10,-58.481,-34.635,PEATON,AUTO,2019-07-17 11:20:00
1,CALLE,11 DE SEPTIEMBRE DE 1888 y MENDOZA,13,-58.452,-34.5578,PEATON,PASAJEROS,2019-07-17 18:40:00
1,AVENIDA,"PINO, VIRREY DEL y CAMPOS, LUIS M. AV.",13,-58.4446,-34.562,PEATON,PASAJEROS,2019-08-01 23:00:00
1,AVENIDA,FOREST AV. y MAURE,15,-58.4522,-34.5871,MOTO,PASAJEROS,2019-08-04 01:30:00
1,AVENIDA,BOYACA AV. y AVELLANEDA AV.,7,-58.4596,-34.6225,MOTO,AUTO,2019-08-06 03:15:00
1,CALLE,BARCO CENTENERA DEL y TILCARA,4,-58.4197,-34.6541,PEATON,PASAJEROS,2019-08-08 16:45:00
1,AVENIDA,RIESTRA AV. y BOLIVAR (NO OFICIAL),7,-58.4419,-34.6494,PEATON,AUTO,2019-08-11 21:15:00
1,CALLE,"CASTRO, EMILIO 4706",10,-58.491,-34.6428,MOTO,CARGAS,2019-08-14 15:00:00
1,AVENIDA,27 DE FEBRERO AV. 5600,8,-58.4249,-34.6626,MOTO,MOTO,2019-08-14 17:40:00
1,AVENIDA,"GARAY, JUAN DE AV. 2874",4,-58.4049,-34.6293,MOTO,AUTO,2019-08-17 05:25:00
1,AVENIDA,"SCALABRINI ORTIZ, RAUL AV. y GORRITI",14,-58.4269,-34.5922,MOTO,BICICLETA,2019-08-22 12:30:00
1,AVENIDA,PRIMERA JUNTA y OLIVERA AV.,9,-58.4796,-34.6562,PEATON,CARGAS,2019-08-27 11:30:00
1,AVENIDA,"ALBERDI, JUAN BAUTISTA AV. y AZUL",10,-58.4744,-34.6352,AUTO,AUTO,2019-08-28 06:20:00
1,AVENIDA,ALVAREZ THOMAS AV. 1788,15,-58.4671,-34.5793,AUTO,OBJETO FIJO,2019-08-29 01:50:00
1,AUTOPISTA,"LUGONES, LEOPOLDO AV. y PAZ, GRAL. AV.",13,-58.4651,-34.5347,MOTO,CARGAS,2019-08-29 09:00:00
1,CALLE,SAN ANTONIO y LUJAN,4,-58.3757,-34.6558,MOTO,PASAJEROS,2019-08-30 23:20:00
1,AUTOPISTA,AUTOPISTA 1 SUR PRESIDENTE ARTURO FRONDIZI y DON PEDRO DE MENDOZA AV.,4,-58.3716,-34.6543,MOTO,CARGAS,2019-09-05 18:00:00
1,AVENIDA,"FIGUEROA ALCORTA, PRES. AV. y TAGLE",14,-58.3981,-34.5807,PEATON,AUTO,2019-09-08 03:40:00
1,AVENIDA,"EINSTEIN, ALBERTO y ALCORTA, AMANCIO AV.",4,-58.4113,-34.6542,PEATON,CARGAS,2019-09-12 08:25:00
1,CALLE,AGRELO y COLOMBRES,5,-58.4182,-34.6187,MOTO,PASAJEROS,2019-09-17 05:30:00
1,GRAL PAZ,"CABILDO AV. y PAZ, GRAL. AV.",13,-58.4762,-34.5383,PEATON,MOTO,2019-09-17 18:40:00
1,AVENIDA,ELCANO AV. 4300,15,-58.4614,-34.5862,PEATON,PASAJEROS,2019-09-23 16:00:00
1,AVENIDA,"RABANAL, FRANCISCO, INTENDENTE AV. 2428",8,-58.4299,-34.6612,BICICLETA,CARGAS,2019-09-25 07:45:00
1,CALLE,MONTE y CORVALAN,9,-58.4846,-34.6584,AUTO,AUTO,2019-09-26 08:00:00
1,CALLE,TANDIL y LAFUENTE,7,-58.4657,-34.6363,BICICLETA,CARGAS,2019-09-27 11:45:00
1,CALLE,CARDOSO y BACACAY,10,-58.4926,-34.6342,BICICLETA,TREN,2019-10-09 22:18:00
1,AVENIDA,CORRIENTES AV. 6700,15,-58.4528,-34.5884,MOTO,PASAJEROS,2019-10-15 14:10:00
1,AVENIDA,ALVAREZ THOMAS AV. y MENDOZA,12,-58.4797,-34.5742,MOTO,MOTO,2019-10-21 21:00:00
1,AVENIDA,"ALCORTA, AMANCIO AV. y BONAVENA, OSCAR NATALIO",4,-58.4062,-34.6508,PEATON,PASAJEROS,2019-10-22 20:00:00
1,AVENIDA,"BROWN, ALTE. AV. y BLANES, JUAN MANUEL",4,-58.3624,-34.6311,PEATON,CARGAS,2019-10-23 15:45:00
1,AVENIDA,"ALBERDI, JUAN BAUTISTA AV. 5455",9,-58.4996,-34.6487,PEATON,MOTO,2019-10-24 18:26:00
1,AVENIDA,"JUSTO, JUAN B. AV. y CAMARGO",15,-58.4455,-34.5956,PEATON,PASAJEROS,2019-11-01 20:50:00
1,CALLE,"BRIN, MINISTRO y SUAREZ",4,-58.3561,-34.6342,PEATON,PASAJEROS,2019-11-03 10:30:00
1,AVENIDA,"NIZA y JUSTO, JUAN B. AV.",11,-58.4648,-34.6091,BICICLETA,OTRO,2019-11-13 11:50:00
1,CALLE,CAMARGO y SERRANO,15,-58.4437,-34.5972,MOTO,OTRO,2019-11-18 14:00:00
1,AUTOPISTA,AUTOPISTA 1 SUR PRESIDENTE ARTURO FRONDIZI y CASEROS AV.,1,-58.3786,-34.6291,MOTO,CARGAS,2019-11-20 15:30:00
1,AVENIDA,CASEROS AV. y PIEDRAS,1,-58.3756,-34.6273,PEATON,PASAJEROS,2019-11-22 19:33:00
1,AUTOPISTA,AUTOPISTA PERITO MORENO KM. 5.6,9,-58.4772,-34.6482,MOTO,MULTIPLE,2019-11-25 08:50:00
1,AVENIDA,GUZMAN 365,15,-58.4513,-34.5898,PASAJEROS,PASAJEROS,2019-11-25 14:00:00
1,AVENIDA,DE LOS CONSTITUYENTES AV. 4300,12,-58.4904,-34.5837,MOTO,AUTO,2019-12-05 17:30:00
1,AVENIDA,"MORENO, PERITO AV. y TILCARA AV.",4,-58.421,-34.6499,MOTO,MOTO,2019-12-17 04:20:00
1,CALLE,"IBARROLA y GORDILLO, TIMOTEO",9,-58.5222,-34.6414,MOTO,AUTO,2019-12-17 14:30:00
1,GRAL PAZ,"PAZ, GRAL. AV. y GRIVEO",11,-58.5217,-34.5947,MOTO,MOTO,2019-12-18 12:00:00
1,AVENIDA,RIVADAVIA AV. y PERGAMINO,10,-58.4746,-34.6321,MOTO,AUTO,2019-12-21 04:25:00
1,AVENIDA,SANTO TOME y SEGUROLA AV.,10,-58.5051,-34.6152,PEATON,AUTO,2019-05-05 11:00:00
1,CALLE,URIARTE y LOYOLA,15,-58.4391,-34.5921,PEATON,AUTO,2020-01-04 10:40:00
1,AVENIDA,SARAZA y VARELA AV.,7,-58.4502,-34.6465,MOTO,OBJETO FIJO,2020-01-05 20:00:00
1,AVENIDA,RIVADAVIA AV. y COMBATE DE LOS POZOS,3,-58.3934,-34.6093,PEATON,AUTO,2020-01-11 06:00:00
1,AVENIDA,RODRIGUEZ PEÃ‘A y RIVADAVIA AV.,1,-58.3906,-34.6092,PEATON,PASAJEROS,2020-01-14 21:40:00
1,AVENIDA,24 DE NOVIEMBRE y SAN JUAN AV.,3,-58.4104,-34.6248,MOTO,PASAJEROS,2020-01-14 06:00:00
1,AVENIDA,LAFUENTE AV. 2250,8,-58.4493,-34.6541,MOTO,CARGAS,2020-01-20 12:55:00
1,CALLE,CHILE y LIMA,1,-58.3816,-34.6165,PEATON,MOTO,2020-01-27 00:37:00
1,AVENIDA,"CORDOBA AV. y JAURES, JEAN",2,-58.4066,-34.598,MOTO,CARGAS,2020-01-30 07:10:00
1,CALLE,"PERON, JUAN DOMINGO, TTE. GENERAL y SALGUERO, JERONIMO",5,-58.4199,-34.606,PEATON,AUTO,2020-02-04 14:50:00
1,AVENIDA,9 DE JULIO AV. y SAN JUAN AV.,1,-58.381,-34.6221,MOTO,OBJETO FIJO,2020-02-08 05:45:00
1,CALLE,COLOMBRES 466,5,-58.418,-34.6182,MOTO,CARGAS,2020-02-12 11:29:00
1,CALLE,MEXICO 2860,3,-58.406,-34.6178,PEATON,MOTO,2020-02-18 21:00:00
1,AVENIDA,COMBATIENTES DE MALVINAS AV. y TRIUNVIRATO AV.,15,-58.4755,-34.5799,PEATON,MOTO,2020-02-20 12:00:00
1,CALLE,BERMUDEZ y NOGOYA,11,-58.514,-34.616,MOTO,PASAJEROS,2020-02-27 02:14:00
1,AVENIDA,BRASIL AV. y PASEO COLON AV.,1,-58.368,-34.6252,MOTO,PASAJEROS,2020-02-28 14:30:00
1,AVENIDA,"ALEM, LEANDRO N. AV. 770",1,-58.3713,-34.5988,PEATON,PASAJEROS,2020-02-29 13:00:00
1,AVENIDA,BELGRANO AV. y RINCON,3,-58.3961,-34.6141,PEATON,AUTO,2020-03-05 23:00:00
1,AVENIDA,"UDAONDO, GUILLERMO AV. 901",13,-58.449,-34.542,MOTO,OBJETO FIJO,2020-03-09 14:00:00
1,CALLE,CONSTITUCION y CASTRO,5,-58.4197,-34.6285,PEATON,AUTO,2020-03-10 21:00:00
1,AVENIDA,"PUEYRREDON AV. y GOMEZ, VALENTIN",3,-58.4057,-34.6056,PEATON,MOTO,2020-03-13 17:30:00
1,CALLE,"BRAVO, MARIO 1279",2,-58.4145,-34.5949,PEATON,AUTO,2020-03-14 16:50:00
1,AUTOPISTA,AUTOPISTA DELLEPIANE LUIS TTE. GRAL. y ESCALADA AV.,9,-58.473,-34.6625,AUTO,CARGAS,2020-04-07 06:15:00
1,AVENIDA,"ARAOZ DE LAMADRID, GREGORIO, GRAL. y BROWN, ALTE. AV.",4,-58.3579,-34.637,AUTO,CARGAS,2020-04-09 18:42:00
1,CALLE,MURGUIONDO 1339,9,-58.508,-34.6518,AUTO,AUTO,2020-04-24 07:58:00
1,AVENIDA,RIVADAVIA AV. 2551,3,-58.4026,-34.6098,PEATON,AUTO,2020-05-12 05:35:00
1,AUTOPISTA,,14,-58.3904,-34.6319,MOTO,OBJETO FIJO,2020-05-17 06:40:00
1,AVENIDA,"DELLEPIANE, LUIS, TTE. GRAL. y MONTIEL",8,-58.4827,-34.6845,PEATON,CARGAS,2020-05-18 08:00:00
1,AVENIDA,"SCALABRINI ORTIZ, RAUL AV. y WARNES AV.",15,-58.4425,-34.6022,PEATON,PASAJEROS,2020-05-19 10:00:00
1,GRAL PAZ,"PAZ, GRAL. AV. y ROFFO, ANGEL H., DR.",9,-58.5291,-34.6389,PEATON,PASAJEROS,2020-06-10 14:00:00
1,AVENIDA,SAN MARTIN AV. 1550,6,-58.4516,-34.6065,MOTO,MULTIPLE,2020-06-16 15:00:00
1,AVENIDA,"GARZON, EUGENIO, GRAL. AV. y LARRAYA",9,-58.4934,-34.6579,MOTO,CARGAS,2020-06-30 08:00:00
1,AVENIDA,CORRIENTES AV. y SERRANO,15,-58.4426,-34.5964,MOTO,AUTO,2020-07-10 23:00:00
1,GRAL PAZ,"PAZ, GRAL. AV. y DEL LIBERTADOR AV.",13,-58.4674,-34.5348,AUTO,OBJETO FIJO,2020-07-19 06:25:00
1,CALLE,"MITRE, BARTOLOME y ANCHORENA, TOMAS MANUEL DE, DR.",3,-58.4118,-34.6092,PEATON,AUTO,2020-08-02 03:20:00
1,AUTOPISTA,AUTOPISTA 25 DE MAYO y PUMACAHUA,7,-58.4507,-34.6364,MOTO,PASAJEROS,2020-08-04 05:30:00
1,AVENIDA,"SCALABRINI ORTIZ, RAUL AV. y PARAGUAY",14,-58.4202,-34.5878,PEATON,MOTO,2020-08-07 18:40:00
1,AVENIDA,"FERNANDEZ DE LA CRUZ, F., GRAL. AV. y VARELA AV.",8,-58.4385,-34.6555,PEATON,AUTO,2020-08-29 04:30:00
2,AVENIDA,"LAS HERAS GENERAL AV. y DIAZ, CNEL. AV.",14,-58.4062,-34.5835,AUTO,AUTO,2020-08-30 04:00:00
1,CALLE,MURGUIONDO,9,-58.4783,-34.6749,PEATON,CARGAS,2020-09-01 19:17:42
1,AVENIDA,"CASTILLO, RAMON S., PRES. AV. y CALLE 12 (NO OFICIAL)",2,-58.3853,-34.5781,AUTO,OBJETO FIJO,2020-09-12 03:30:00
1,AVENIDA,"CURAPALIGUE y PERON, EVA AV.",7,-58.4475,-34.6349,MOTO,PASAJEROS,2020-09-28 01:45:00
1,AVENIDA,"DIAZ, ANA y SOLDADO DE LA FRONTERA AV.",8,-58.4675,-34.6819,PEATON,PASAJEROS,2020-09-29 17:10:00
1,AVENIDA,"ALEM, LEANDRO N. AV. y PARAGUAY",1,-58.372,-34.5972,PEATON,PASAJEROS,2020-09-30 17:20:00
1,AVENIDA,LA PLATA AV. e INDEPENDENCIA AV.,6,-58.4278,-34.6221,AUTO,AUTO,2020-10-05 00:20:00
1,GRAL PAZ,"PAZ, GRAL. AV. y 27 DE FEBRERO AV.",8,-58.4624,-34.7052,AUTO,CARGAS,2020-10-19 03:00:00
1,AVENIDA,"NAZCA AV. y CARRANZA, ADOLFO P.",11,-58.4844,-34.6078,MOTO,MOTO,2020-10-27 21:00:00
1,AUTOPISTA,AUTOPISTA PRESIDENTE HÃ‰CTOR J. CÃMPORA y LACARRA AV.,9,-58.4667,-34.6517,PEATON,CARGAS,2020-10-27 14:00:00
1,AVENIDA,DORREGO AV. 614,15,-58.4496,-34.5932,MOTO,OBJETO FIJO,2020-10-29 20:20:00
1,AVENIDA,"DEL LIBERTADOR AV. y RAMOS MEJIA, JOSE MARIA, DR. AV.",1,-58.3753,-34.5928,PEATON,AUTO,2020-10-30 20:00:00
1,AVENIDA,SANTA FE AV. y GODOY CRUZ,14,-58.4253,-34.5787,PEATON,MOTO,2020-11-01 22:00:00
1,AVENIDA,AVELLANEDA AV. y MERCEDES,10,-58.4849,-34.6298,MOTO,AUTO,2020-11-05 00:40:00
1,AVENIDA,TUCUMAN y PUEYRREDON AV.,3,-58.4048,-34.6018,BICICLETA,CARGAS,2020-11-07 06:50:00
1,AVENIDA,"ALCORTA, AMANCIO AV. y EINSTEIN, ALBERTO",4,-58.4113,-34.6542,AUTO,AUTO,2020-11-09 03:30:00
1,CALLE,INCLAN y ALBERTI,4,-58.3996,-34.6298,BICICLETA,AUTO,2020-11-19 09:00:00
1,AVENIDA,OLAZABAL AV. 5437,12,-58.4901,-34.5787,PEATON,CARGAS,2020-11-19 12:30:00
1,GRAL PAZ,"PAZ, GRAL. AV. y ROCA, CNEL. AV.",8,-58.4706,-34.6984,MOTO,CARGAS,2020-11-21 13:00:00
1,AVENIDA,"NAZCA AV. y VIALE, LUIS",11,-58.475,-34.6195,PEATON,AUTO,2020-11-23 07:45:00
1,AVENIDA,"OLIVERA AV. y FALCON, RAMON L.,CNEL.",10,-58.4873,-34.6365,PEATON,AUTO,2020-11-24 16:00:00
1,CALLE,BRASIL 1100,1,-58.3795,-34.6279,PEATON,PASAJEROS,2020-12-01 06:35:00
1,AVENIDA,"HOMERO y PERON, EVA AV.",9,-58.4775,-34.6567,PEATON,MOTO,2020-12-03 20:30:00
1,AUTOPISTA,"CANTILO, INT. y UDAONDO, GUILLERMO AV.",13,-58.4493,-34.5405,MOTO,CARGAS,2020-12-03 14:40:00
1,CALLE,MORENO 1845,3,-58.3925,-34.6125,BICICLETA,PASAJEROS,2020-12-04 17:19:00
2,CALLE,NUEVA YORK y ALTA GRACIA,11,-58.5278,-34.6105,PEATON_MOTO,MOTO,2020-12-05 07:10:00
1,GRAL PAZ,"PAZ, GRAL. AV. y GOYENECHE, ROBERTO PARQUE AV.",12,-58.4933,-34.5484,MOTO,AUTO,2020-12-05 16:00:00
1,AUTOPISTA,AUTOPISTA PERITO MORENO (ALTURA ESTACION DE TREN VILLA LURO),10,-58.5018,-34.6359,MOTO,OBJETO FIJO,2020-12-07 04:30:00
1,AVENIDA,SAENZ AV. y BEAZLEY,4,-58.4166,-34.6548,PEATON,PASAJEROS,2020-12-11 22:00:00
1,AVENIDA,DEL LIBERTADOR AV. y AUSTRIA,2,-58.3973,-34.5831,MOTO,AUTO,2020-12-12 20:30:00
1,AVENIDA,"INDEPENDENCIA AV. y SAENZ PEÃ‘A, LUIS, PRES.",1,-58.3875,-34.6179,MOTO,PASAJEROS,2020-12-15 05:20:00
1,AVENIDA,"CALLAO AV. y LAS HERAS, GENERAL",2,-58.3919,-34.5918,PEATON,PASAJEROS,2020-12-17 15:35:00
1,AVENIDA,SAN PEDRITO AV. y DIRECTORIO AV.,7,-58.4675,-34.6355,PEATON,AUTO,2020-12-17 23:00:00
1,AVENIDA,"JUJUY AV. y CALVO, CARLOS",3,-58.4028,-34.6211,BICICLETA,AUTO,2020-12-19 03:30:00
1,AVENIDA,27 DE FEBRERO AV. y ESCALADA AV.,8,-58.4445,-34.6848,MOTO,OBJETO FIJO,2020-12-20 07:40:00
1,AVENIDA,BOGOTA y NAZCA AV.,7,-58.4711,-34.6274,AUTO,AUTO,2020-12-20 21:00:00
1,AVENIDA,CORRIENTES AV. y 9 DE JULIO AV.,1,-58.3822,-34.6037,PEATON,PASAJEROS,2020-12-23 14:00:00
1,AVENIDA,ALVAREZ JONTE AV. y CHIVILCOY,10,-58.4979,-34.6157,AUTO,PASAJEROS,2020-12-24 12:30:00
2,AVENIDA,SAN MARTIN AV. y PUNTA ARENAS,15,-58.4722,-34.6011,MOTO,AUTO,2020-12-25 06:40:00
1,CALLE,BARCO CENTENERA DEL 1118,7,-58.4371,-34.6322,BICICLETA,PASAJEROS,2020-12-25 05:50:00
1,GRAL PAZ,"PAZ, GRAL. AV. y GOYENECHE, ROBERTO PARQUE AV.",12,-58.4933,-34.5484,MOTO,OBJETO FIJO,2020-12-27 04:15:00
1,AUTOPISTA,AU FRONDIZI KM. 3,1,-58.3796,-34.6262,MOTO,AUTO,2021-01-06 18:00:00
1,AVENIDA,"CASTRO, EMILIO AV. y MURGUIONDO",9,-58.5106,-34.6497,MOTO,CARGAS,2021-01-07 10:20:00
1,AUTOPISTA,AUTOPISTA 25 DE MAYO KM. 3.7,7,-58.4305,-34.6294,MOTO,OBJETO FIJO,2021-01-10 07:40:00
1,AVENIDA,CASEROS AV. y GUARANI,5,-58.4146,-34.6387,PEATON,CARGAS,2021-01-11 09:12:18
1,AVENIDA,"PERON, EVA AV. 3800",9,-58.4677,-34.6473,PEATON,AUTO,2021-01-11 21:30:00
1,AUTOPISTA,AUTOPISTA ARTURO ILLIA y SARMIENTO AV.,14,-58.4079,-34.5673,MOTO,CARGAS,2021-01-12 21:00:00
1,AVENIDA,DE LOS CONSTITUYENTES AV. y GIRIBONE,15,-58.4874,-34.5862,MOTO,MOTO,2021-01-18 10:00:00
1,AVENIDA,"SAENZ AV. y RABANAL, FRANCISCO, INTENDENTE AV.",4,-58.4166,-34.6548,PEATON,PASAJEROS,2021-01-22 23:30:00
1,AVENIDA,PAYSANDU y GAONA AV.,6,-58.4535,-34.6113,MOTO,OBJETO FIJO,2021-01-23 05:30:00
1,GRAL PAZ,"PAZ, GRAL. AV. y BALBIN, RICARDO, DR. AV.",12,-58.5007,-34.5498,MOTO,AUTO,2021-01-23 08:00:00
1,AVENIDA,SANTA FE AV. 1675,2,-58.3914,-34.5956,PEATON,AUTO,2021-01-27 01:04:26
1,AUTOPISTA,"DELLEPIANE, LUIS, TTE. GRAL. y GUAMINI",8,-58.4819,-34.6839,PEATON,AUTO,2021-01-29 20:07:22
1,AVENIDA,"FALCON, RAMON L.,CNEL. y OLIVERA AV.",10,-58.4873,-34.6365,MOTO,OBJETO FIJO,2021-01-31 06:10:00
1,AVENIDA,SAN MARTIN AV. y NOGOYA,15,-58.4833,-34.5978,PEATON,AUTO,2021-02-02 00:50:00
1,AVENIDA,SAN MARTIN AV. y TINOGASTA,15,-58.4902,-34.5972,MOTO,OBJETO FIJO,2021-02-06 03:05:00
1,AVENIDA,"FERNANDEZ DE LA CRUZ, F., GRAL. AV. y DE LA TORRE, LISANDRO",8,-58.4723,-34.6848,AUTO,OBJETO FIJO,2021-02-14 05:50:00
1,AVENIDA,SALTA y CASEROS AV.,1,-58.3826,-34.6317,MOTO,PASAJEROS,2021-02-17 04:10:00
1,CALLE,"JAURES, JEAN y PERON, JUAN DOMINGO, TTE. GENERAL",3,-58.4105,-34.6079,PEATON,AUTO,2021-02-20 19:00:00
1,AVENIDA,"TRIUNVIRATO AV. y LARRALDE, CRISOLOGO AV.",12,-58.4966,-34.5635,MOTO,OBJETO FIJO,2021-02-21 01:20:00
1,CALLE,POTOSI y GASCON,5,-58.4246,-34.6073,PEATON,CARGAS,2021-02-21 15:00:00
1,CALLE,"YRIGOYEN, HIPOLITO y 24 DE NOVIEMBRE",3,-58.4117,-34.6119,MOTO,OBJETO FIJO,2021-02-26 05:30:00
1,AVENIDA,DEL LIBERTADOR AV. y ROOSEVELT FRANKLIN D.,13,-58.4516,-34.5522,PASAJEROS,SD,2021-02-28 12:00:00
1,AUTOPISTA,,4,-58.5099,-34.6547,MOTO,CARGAS,2021-03-01 09:20:00
1,AVENIDA,"PERON, EVA AV. y PIEDRA BUENA AV.",9,-58.4957,-34.6701,BICICLETA,CARGAS,2021-03-03 16:30:00
1,GRAL PAZ,"PAZ, GRAL. AV. y AUTOPISTA DELLEPIANE LUIS TTE. GRAL.",8,-58.487,-34.688,MOTO,OTRO,2021-03-11 03:45:00
1,AUTOPISTA,"AUTOPISTA 1 SUR PRESIDENTE ARTURO FRONDIZI y QUINQUELA MARTIN, BENITO",4,-58.3756,-34.6445,MOTO,OBJETO FIJO,2021-03-15 02:35:00
1,GRAL PAZ,"PAZ, GRAL. AV. y DONADO",12,-58.4949,-34.548,MOTO,CARGAS,2021-03-16 15:30:00
1,AVENIDA,"COREA AV. y TORRES Y TENORIO, PRES.",7,-58.4415,-34.6436,PEATON,PASAJEROS,2021-03-29 17:20:00
1,AVENIDA,"FALCON, RAMON L.,CNEL. y SAN PEDRITO AV.",7,-58.469,-34.6322,AUTO,AUTO,2021-03-31 18:05:00
1,CALLE,FINOCHIETTO ENRIQUE DR. 1623,4,-58.3869,-34.6346,PEATON,PASAJEROS,2021-04-03 18:30:00
1,AVENIDA,9 DE JULIO AV. e INDEPENDENCIA AV.,1,-58.3811,-34.6177,PEATON,CARGAS,2021-04-07 10:29:00
1,AUTOPISTA,"CANTILO, INT. y GUIRALDES, INT.",13,-58.4411,-34.5454,PEATON,MOTO,2021-04-10 19:55:00
1,AUTOPISTA,AUTOPISTA 25 DE MAYO y BOEDO AV.,5,-58.416,-34.6274,AUTO,OBJETO FIJO,2021-04-14 17:50:00
1,AVENIDA,"ALCORTA, AMANCIO AV. y ZAVALETA",4,-58.4018,-34.6455,MOTO,CARGAS,2021-04-19 14:40:00
1,AVENIDA,"JANER, ANA MARIA y LAFUENTE AV.",8,-58.4464,-34.6568,MOTO,CARGAS,2021-05-03 09:20:00
1,GRAL PAZ,"PAZ, GRAL. AV. y MOSCONI GENERAL AV.",11,-58.5234,-34.598,MOTO,OBJETO FIJO,2021-05-09 06:00:00
1,AVENIDA,"MONROE y BALBIN, RICARDO, DR. AV.",13,-58.4665,-34.5622,PEATON,PASAJEROS,2021-05-11 07:10:00
1,AVENIDA,"JUSTO, JUAN B. AV. y SANTA FE AV.",14,-58.4265,-34.5782,MOTO,CARGAS,2021-05-14 11:40:00
1,AVENIDA,"OLIDEN y ALBERDI, JUAN BAUTISTA AV.",9,-58.5041,-34.653,BICICLETA,AUTO,2021-05-15 12:09:00
1,GRAL PAZ,"PAZ, GRAL. AV. y DEL LIBERTADOR AV.",13,-58.4674,-34.5348,MOTO,AUTO,2021-05-20 05:50:00
1,AVENIDA,DEL LIBERTADOR AV. y CASARES AV.,14,-58.4099,-34.5773,PEATON,PASAJEROS,2021-05-20 08:30:00
1,AVENIDA,RIVADAVIA AV. 10900,9,-58.5174,-34.6393,PEATON,PASAJEROS,2021-05-21 05:00:00
1,AVENIDA,"ALBERDI, JUAN BAUTISTA AV. y PILAR",9,-58.5072,-34.6556,PEATON,AUTO,2021-05-22 18:26:00
1,AVENIDA,"PERON, EVA AV. y ACOSTA, MARIANO",9,-58.4671,-34.646,MOTO,OBJETO FIJO,2021-05-25 02:00:00
1,AUTOPISTA,AUTOPISTA 1 SUR PRESIDENTE ARTURO FRONDIZI y SUAREZ AV.,4,-58.3771,-34.6404,MOTO,MULTIPLE,2021-05-26 17:24:00
1,AVENIDA,ELCANO AV. y GUZMAN AV.,15,-58.4603,-34.5857,AUTO,OBJETO FIJO,2021-05-31 02:00:00
1,AVENIDA,"VEDIA, AGUSTIN DE y RABANAL, FRANCISCO, INTENDENTE AV.",4,-58.4219,-34.6563,MOTO,AUTO,2021-06-02 16:00:00
1,AVENIDA,CAPDEVILA y CONGRESO AV.,12,-58.4903,-34.5698,BICICLETA,AUTO,2021-06-03 09:58:00
1,AVENIDA,"FERNANDEZ DE LA CRUZ, F., GRAL. AV. 4000",8,-58.4541,-34.669,AUTO,AUTO,2021-06-03 20:30:00
1,AVENIDA,DEL LIBERTADOR AV. 5958,13,-58.4475,-34.5572,MOTO,PASAJEROS,2021-06-10 13:30:00
1,AVENIDA,27 DE FEBRERO AV. y EREZCANO AV.,4,-58.4204,-34.6601,PEATON,CARGAS,2021-06-15 19:20:00
1,GRAL PAZ,"PAZ, GRAL. AV. 14723",8,-58.4953,-34.6801,MOTO,OBJETO FIJO,2021-06-20 05:40:00
1,AVENIDA,CORRIENTES AV. 5783,15,-58.444,-34.5948,PEATON,BICICLETA,2021-06-20 12:00:00
1,CALLE,TABARE y EREZCANO,4,-58.4276,-34.6546,MOTO,CARGAS,2021-06-22 14:44:00
1,AVENIDA,CORRIENTES AV. y PUEYRREDON AV.,3,-58.4055,-34.6046,MOTO,CARGAS,2021-06-29 12:20:00
1,AVENIDA,"CORRALES y MORENO, PERITO AV.",4,-58.4247,-34.6501,BICICLETA,AUTO,2021-07-09 23:25:00
1,AUTOPISTA,AUTOPISTA  ARTURO ILLIA (CABINA DE PEAJE),2,-58.3926,-34.5756,AUTO,OBJETO FIJO,2021-07-10 23:30:00
1,GRAL PAZ,"PAZ, GRAL. AV. y VEDIA",12,-58.4894,-34.546,PEATON,AUTO,2021-07-21 00:40:00
1,AVENIDA,"GARAY, JUAN DE AV. 2269",3,-58.3964,-34.6278,AUTO,OBJETO FIJO,2021-07-22 01:20:00
1,AVENIDA,"SALGUERO, JERONIMO y RIVADAVIA AV.",5,-58.4197,-34.6111,PEATON,PASAJEROS,2021-07-22 12:30:00
1,AVENIDA,"MORENO, PERITO AV. y ALCORTA, AMANCIO AV.",4,-58.4054,-34.6501,PEATON,CARGAS,2021-07-24 09:15:00
1,AVENIDA,LA PLATA AV. 2723,4,-58.42,-34.6465,AUTO,CARGAS,2021-07-27 07:16:00
1,AVENIDA,"ALBERDI, JUAN BAUTISTA AV. 2906",7,-58.4685,-34.6335,AUTO,AUTO,2021-08-02 04:40:00
1,GRAL PAZ,"PAZ, GRAL. AV. y TONELERO",9,-58.5293,-34.6542,PEATON,CARGAS,2021-08-02 20:00:00
1,AVENIDA,SAN JUAN AV. y LA PLATA AV.,6,-58.4268,-34.627,PEATON,PASAJEROS,2021-08-06 08:30:00
1,AVENIDA,"LOPE DE VEGA AV. y PAZ, GRAL. AV.",11,-58.5293,-34.611,PEATON,PASAJEROS,2021-08-06 20:00:00
1,AUTOPISTA,AUTOPISTA 1 SUR PRESIDENTE ARTURO FRONDIZI y BRASIL,1,-58.3791,-34.6276,MOTO,OBJETO FIJO,2021-08-08 09:29:00
1,AVENIDA,"BEIRO, FRANCISCO AV. 5071",11,-58.5216,-34.6116,MOTO,OBJETO FIJO,2021-08-15 06:10:00
1,AVENIDA,SANTA FE AV. 3428,14,-58.4135,-34.587,PEATON,AUTO,2021-08-20 17:15:00
1,AVENIDA,"CHILAVERT, MARTINIANO, CORONEL y VARELA AV.",8,-58.4396,-34.6547,MOTO,CARGAS,2021-08-28 08:30:00
1,CALLE,SAN LUIS 2730,3,-58.4045,-34.6,PEATON,MOTO,2021-08-31 16:00:00
1,AVENIDA,CALLAO AV. y PARAGUAY,2,-58.393,-34.5987,PEATON,AUTO,2021-09-01 19:10:00
1,AVENIDA,"DEL LIBERTADOR AV. y AGOTE, LUIS DR.",2,-58.3939,-34.5841,BICICLETA,AUTO,2021-09-18 12:20:00
1,GRAL PAZ,"PAZ, GRAL. AV. y BALBIN, RICARDO, DR. AV.",12,-58.5007,-34.5498,MOTO,MULTIPLE,2021-09-20 15:00:00
1,CALLE,SALTA y BRASIL,1,-58.3828,-34.6279,PEATON,CARGAS,2021-09-21 14:30:00
1,AVENIDA,"MORENO, PERITO AV. 2152",7,-58.4398,-34.6509,MOTO,OBJETO FIJO,2021-10-16 06:15:00
1,AVENIDA,DIRECTORIO AV. 1169,6,-58.444,-34.6293,MOTO,CARGAS,2021-10-18 07:20:00
1,AVENIDA,INDEPENDENCIA AV. y LA PLATA AV.,6,-58.4278,-34.6221,MOTO,PASAJEROS,2021-10-23 06:35:00
1,CALLE,TUCUMAN 3112,3,-58.4094,-34.601,PEATON,AUTO,2021-10-25 03:30:00
1,AVENIDA,ARENALES y 9 DE JULIO AV.,1,-58.3828,-34.5943,MOTO,AUTO,2021-10-28 16:16:00
1,AUTOPISTA,AUTOPISTA 1 SUR PRESIDENTE ARTURO FRONDIZI y BRANDSEN,4,-58.3763,-34.638,MOTO,CARGAS,2021-11-02 13:35:00
1,AUTOPISTA,AUTOPISTA 25 DE MAYO y PASCO,3,-58.3959,-34.6245,MOTO,AUTO,2021-11-06 04:39:00
1,AVENIDA,CABILDO AV. y OLAZABAL,13,-58.4583,-34.5602,MOTO,AUTO,2021-11-09 00:35:00
1,AVENIDA,TAPALQUE y BRUIX AV.,9,-58.4914,-34.6458,AUTO,OBJETO FIJO,2021-11-11 03:00:00
1,GRAL PAZ,"PAZ, GRAL. AV. y EZEIZA",12,-58.5127,-34.5779,MOTO,OBJETO FIJO,2021-11-20 18:30:00
1,AVENIDA,RIVADAVIA AV. y PUAN,6,-58.4486,-34.6235,PEATON,PASAJEROS,2021-11-25 10:10:00
1,CALLE,ESMERALDA 1359,1,-58.378,-34.5917,PEATON,BICICLETA,2021-11-27 11:22:00
1,CALLE,MONROE y 3 DE FEBRERO,13,-58.4553,-34.5556,MOTO,AUTO,2021-12-01 15:40:00
1,AVENIDA,GAONA AV. 3655,11,-58.4763,-34.6214,MOTO,AUTO,2021-12-02 01:10:00
1,AVENIDA,9 DE JULIO AV. y LAVALLE,1,-58.3819,-34.6026,PEATON,PASAJEROS,2021-12-10 11:45:00
1,CALLE,"BAIGORRIA y HUGO, VICTOR",10,-58.5199,-34.6228,MOTO,AUTO,2021-12-11 23:00:00
1,AVENIDA,RIVADAVIA AV. y PUEYRREDON AV.,3,-58.406,-34.6101,PEATON,AUTO,2021-12-12 06:20:00
1,AVENIDA,RIESTRA AV. y MOM,7,-58.4335,-34.6456,MOTO,AUTO,2021-12-13 17:10:00
1,AUTOPISTA,"DELLEPIANE, LUIS, TTE. GRAL. y LACARRA AV.",9,-58.4674,-34.6512,MOTO,AUTO,2021-12-20 01:10:00
1,AVENIDA,GAONA AV. y TERRADA,11,-58.4729,-34.6198,MOTO,CARGAS,2021-12-30 00:43:00
1,AVENIDA,"PERON, EVA AV. 4071",9,-58.4707,-34.6502,AUTO,CARGAS,2021-12-15 10:30:00
1,CALLE,PADRE CARLOS MUGICA 709,1,-58.3798,-34.5868,BICICLETA,AUTO,2021-11-18 06:10:00
